"CodeObj","Vaddr","Instruction","Hitcount","Latency","Stall","Idle","Source"
4,2698240,"; _ZN2at6native32elementwise_kernel_manual_unrollILi128ELi8EZNS0_22gpu_kernel_impl_nocastIZZZNS0_23direct_copy_kernel_cudaERNS_18TensorIteratorBaseEENKUlvE1_clEvENKUlvE10_clEvEUlN3c108BFloat16EE_EEvS4_RKT_EUlibE_EEviT1_",0,0,0,0,"void at::native::elementwise_kernel_manual_unroll<128, 8, at::native::gpu_kernel_impl_nocast<at::native::direct_copy_kernel_cuda(at::TensorIteratorBase&)::{lambda()#3}::operator()() const::{lambda()#12}::operator()() const::{lambda(c10::BFloat16)#1}>(at::TensorIteratorBase&, at::native::direct_copy_kernel_cuda(at::TensorIteratorBase&)::{lambda()#3}::operator()() const::{lambda()#12}::operator()() const::{lambda(c10::BFloat16)#1} const&)::{lambda(int, bool)#1}>(int, at::native::gpu_kernel_impl_nocast<at::native::direct_copy_kernel_cuda(at::TensorIteratorBase&)::{lambda()#3}::operator()() const::{lambda()#12}::operator()() const::{lambda(c10::BFloat16)#1}>(at::TensorIteratorBase&, at::native::direct_copy_kernel_cuda(at::TensorIteratorBase&)::{lambda()#3}::operator()() const::{lambda()#12}::operator()() const::{lambda(c10::BFloat16)#1} const&)::{lambda(int, bool)#1})"
4,2698240,"s_load_dword s42, s[0:1], 0x0",514,13264,11208,25332,""
4,2698248,"s_load_dword s33, s[0:1], 0x8",514,3100,1044,0,""
4,2698256,"s_or_b32 s0, s0, 8",514,2880,820,0,""
4,2698260,"v_lshl_or_b32 v28, s2, 10, v0",514,4976,2908,0,""
4,2698268,"v_or_b32_e32 v32, 0x380, v28",514,3488,1428,76,""
4,2698276,"s_waitcnt lgkmcnt(0)",514,25160,25160,0,""
4,2698280,"v_cmp_le_i32_e32 vcc, s42, v32",514,3864,1800,0,""
4,2698284,"s_cmp_lg_u32 s33, 0",514,3272,1216,8216,""
4,2698288,"s_cselect_b64 s[28:29], -1, 0",514,2336,280,0,""
4,2698292,"s_and_saveexec_b64 s[2:3], vcc",514,2404,348,0,""
4,2698296,"s_xor_b64 s[2:3], exec, s[2:3]",514,2492,436,0,""
4,2698300,"s_cbranch_execz 1215",514,2124,68,0,""
4,2698304,"s_load_dwordx4 s[20:23], s[0:1], 0x148",0,0,0,0,""
4,2698312,"s_add_u32 s30, s0, 0xc4",0,0,0,0,""
4,2698320,"s_addc_u32 s31, s1, 0",0,0,0,0,""
4,2698324,"s_add_i32 s4, s33, -1",0,0,0,0,""
4,2698328,"s_min_u32 s43, s4, 15",0,0,0,0,""
4,2698332,"v_cmp_gt_i32_e32 vcc, s42, v28",0,0,0,0,""
4,2698336,"s_and_saveexec_b64 s[34:35], vcc",0,0,0,0,""
4,2698340,"s_cbranch_execnz 29",0,0,0,0,""
4,2698344,"s_or_b64 exec, exec, s[34:35]",0,0,0,0,""
4,2698348,"v_cmp_gt_i32_e32 vcc, s42, v28",0,0,0,0,""
4,2698352,"s_and_saveexec_b64 s[34:35], vcc",0,0,0,0,""
4,2698356,"s_cbranch_execnz 173",0,0,0,0,""
4,2698360,"s_or_b64 exec, exec, s[34:35]",0,0,0,0,""
4,2698364,"v_cmp_gt_i32_e32 vcc, s42, v28",0,0,0,0,""
4,2698368,"s_and_saveexec_b64 s[34:35], vcc",0,0,0,0,""
4,2698372,"s_cbranch_execnz 317",0,0,0,0,""
4,2698376,"s_or_b64 exec, exec, s[34:35]",0,0,0,0,""
4,2698380,"v_cmp_gt_i32_e32 vcc, s42, v28",0,0,0,0,""
4,2698384,"s_and_saveexec_b64 s[34:35], vcc",0,0,0,0,""
4,2698388,"s_cbranch_execnz 461",0,0,0,0,""
4,2698392,"s_or_b64 exec, exec, s[34:35]",0,0,0,0,""
4,2698396,"v_cmp_gt_i32_e32 vcc, s42, v28",0,0,0,0,""
4,2698400,"s_and_saveexec_b64 s[34:35], vcc",0,0,0,0,""
4,2698404,"s_cbranch_execnz 605",0,0,0,0,""
4,2698408,"s_or_b64 exec, exec, s[34:35]",0,0,0,0,""
4,2698412,"v_cmp_gt_i32_e32 vcc, s42, v28",0,0,0,0,""
4,2698416,"s_and_saveexec_b64 s[34:35], vcc",0,0,0,0,""
4,2698420,"s_cbranch_execnz 749",0,0,0,0,""
4,2698424,"s_or_b64 exec, exec, s[34:35]",0,0,0,0,""
4,2698428,"v_cmp_gt_i32_e32 vcc, s42, v28",0,0,0,0,""
4,2698432,"s_and_saveexec_b64 s[34:35], vcc",0,0,0,0,""
4,2698436,"s_cbranch_execnz 893",0,0,0,0,""
4,2698440,"s_or_b64 exec, exec, s[34:35]",0,0,0,0,""
4,2698444,"v_cmp_gt_i32_e32 vcc, s42, v28",0,0,0,0,""
4,2698448,"s_and_saveexec_b64 s[34:35], vcc",0,0,0,0,""
4,2698452,"s_cbranch_execnz 1037",0,0,0,0,""
4,2698456,"s_branch 1175",0,0,0,0,""
4,2698460,"v_mov_b64_e32 v[2:3], 0",0,0,0,0,""
4,2698464,"s_andn2_b64 vcc, exec, s[28:29]",0,0,0,0,""
4,2698468,"v_mov_b64_e32 v[0:1], v[2:3]",0,0,0,0,""
4,2698472,"s_cbranch_vccnz 128",0,0,0,0,""
4,2698476,"s_add_i32 s44, s43, 1",0,0,0,0,""
4,2698480,"s_mov_b32 s36, 0",0,0,0,0,""
4,2698484,"s_cmp_lt_u32 s33, 4",0,0,0,0,""
4,2698488,"s_cbranch_scc1 77",0,0,0,0,""
4,2698492,"s_and_b32 s36, s44, 28",0,0,0,0,""
4,2698496,"s_mov_b32 s37, 0",0,0,0,0,""
4,2698500,"v_mov_b32_e32 v0, 0",0,0,0,0,""
4,2698504,"s_mov_b64 s[38:39], s[0:1]",0,0,0,0,""
4,2698508,"s_mov_b64 s[40:41], s[30:31]",0,0,0,0,""
4,2698512,"v_mov_b32_e32 v2, v28",0,0,0,0,""
4,2698516,"v_mov_b32_e32 v1, 0",0,0,0,0,""
4,2698520,"s_load_dwordx8 s[12:19], s[38:39], 0x4",0,0,0,0,""
4,2698528,"s_load_dwordx4 s[24:27], s[38:39], 0x24",0,0,0,0,""
4,2698536,"s_load_dwordx8 s[4:11], s[40:41], 0x0",0,0,0,0,""
4,2698544,"s_add_u32 s38, s38, 48",0,0,0,0,""
4,2698548,"s_addc_u32 s39, s39, 0",0,0,0,0,""
4,2698552,"s_waitcnt lgkmcnt(0)",0,0,0,0,""
4,2698556,"v_mul_hi_u32 v3, s13, v2",0,0,0,0,""
4,2698564,"v_add_u32_e32 v3, v2, v3",0,0,0,0,""
4,2698568,"v_lshrrev_b32_e32 v3, s14, v3",0,0,0,0,""
4,2698572,"v_mul_lo_u32 v4, v3, s12",0,0,0,0,""
4,2698580,"v_mul_hi_u32 v5, s16, v3",0,0,0,0,""
4,2698588,"v_sub_u32_e32 v2, v2, v4",0,0,0,0,""
4,2698592,"v_add_u32_e32 v4, v3, v5",0,0,0,0,""
4,2698596,"v_lshrrev_b32_e32 v4, s17, v4",0,0,0,0,""
4,2698600,"v_mul_lo_u32 v6, v4, s15",0,0,0,0,""
4,2698608,"v_mul_hi_u32 v7, s19, v4",0,0,0,0,""
4,2698616,"v_sub_u32_e32 v3, v3, v6",0,0,0,0,""
4,2698620,"v_add_u32_e32 v6, v4, v7",0,0,0,0,""
4,2698624,"v_mul_lo_u32 v5, v2, s5",0,0,0,0,""
4,2698632,"v_mul_lo_u32 v2, v2, s4",0,0,0,0,""
4,2698640,"v_mul_lo_u32 v7, v3, s7",0,0,0,0,""
4,2698648,"v_mul_lo_u32 v3, v3, s6",0,0,0,0,""
4,2698656,"v_lshrrev_b32_e32 v6, s24, v6",0,0,0,0,""
4,2698660,"v_add3_u32 v0, v2, v0, v3",0,0,0,0,""
4,2698668,"v_mul_lo_u32 v2, v6, s18",0,0,0,0,""
4,2698676,"v_mul_hi_u32 v3, s26, v6",0,0,0,0,""
4,2698684,"v_sub_u32_e32 v2, v4, v2",0,0,0,0,""
4,2698688,"v_add_u32_e32 v3, v6, v3",0,0,0,0,""
4,2698692,"v_add3_u32 v1, v5, v1, v7",0,0,0,0,""
4,2698700,"v_mul_lo_u32 v4, v2, s8",0,0,0,0,""
4,2698708,"v_mul_lo_u32 v5, v2, s9",0,0,0,0,""
4,2698716,"v_lshrrev_b32_e32 v2, s27, v3",0,0,0,0,""
4,2698720,"s_add_i32 s37, s37, 4",0,0,0,0,""
4,2698724,"v_mul_lo_u32 v3, v2, s25",0,0,0,0,""
4,2698732,"s_add_u32 s40, s40, 32",0,0,0,0,""
4,2698736,"v_sub_u32_e32 v3, v6, v3",0,0,0,0,""
4,2698740,"s_addc_u32 s41, s41, 0",0,0,0,0,""
4,2698744,"v_mul_lo_u32 v6, v3, s10",0,0,0,0,""
4,2698752,"v_mul_lo_u32 v3, v3, s11",0,0,0,0,""
4,2698760,"s_cmp_lg_u32 s36, s37",0,0,0,0,""
4,2698764,"v_add3_u32 v1, v5, v1, v3",0,0,0,0,""
4,2698772,"v_add3_u32 v0, v4, v0, v6",0,0,0,0,""
4,2698780,"s_cbranch_scc1 65470",0,0,0,0,""
4,2698784,"s_and_b32 s8, s44, 3",0,0,0,0,""
4,2698788,"s_cmp_eq_u32 s8, 0",0,0,0,0,""
4,2698792,"s_cbranch_scc0 7",0,0,0,0,""
4,2698796,"s_branch 43",0,0,0,0,""
4,2698800,"s_mov_b32 s37, s36",0,0,0,0,""
4,2698804,"v_mov_b64_e32 v[0:1], s[36:37]",0,0,0,0,""
4,2698808,"v_mov_b32_e32 v2, v28",0,0,0,0,""
4,2698812,"s_and_b32 s8, s44, 3",0,0,0,0,""
4,2698816,"s_cmp_eq_u32 s8, 0",0,0,0,0,""
4,2698820,"s_cbranch_scc1 37",0,0,0,0,""
4,2698824,"s_lshl_b32 s4, s36, 3",0,0,0,0,""
4,2698828,"s_add_u32 s4, s4, s0",0,0,0,0,""
4,2698832,"s_addc_u32 s5, s1, 0",0,0,0,0,""
4,2698836,"s_add_u32 s4, s4, 0xc4",0,0,0,0,""
4,2698844,"s_addc_u32 s5, s5, 0",0,0,0,0,""
4,2698848,"s_mul_i32 s6, s36, 12",0,0,0,0,""
4,2698852,"s_add_u32 s6, s0, s6",0,0,0,0,""
4,2698856,"s_addc_u32 s7, s1, 0",0,0,0,0,""
4,2698860,"s_load_dwordx2 s[10:11], s[6:7], 0x4",0,0,0,0,""
4,2698868,"s_load_dword s9, s[6:7], 0xc",0,0,0,0,""
4,2698876,"s_load_dwordx2 s[12:13], s[4:5], 0x0",0,0,0,0,""
4,2698884,"v_mov_b32_e32 v4, v1",0,0,0,0,""
4,2698888,"s_add_u32 s6, s6, 12",0,0,0,0,""
4,2698892,"s_waitcnt lgkmcnt(0)",0,0,0,0,""
4,2698896,"v_mul_hi_u32 v1, s11, v2",0,0,0,0,""
4,2698904,"v_add_u32_e32 v1, v2, v1",0,0,0,0,""
4,2698908,"v_lshrrev_b32_e32 v1, s9, v1",0,0,0,0,""
4,2698912,"s_addc_u32 s7, s7, 0",0,0,0,0,""
4,2698916,"v_mul_lo_u32 v3, v1, s10",0,0,0,0,""
4,2698924,"s_add_u32 s4, s4, 8",0,0,0,0,""
4,2698928,"v_sub_u32_e32 v3, v2, v3",0,0,0,0,""
4,2698932,"s_addc_u32 s5, s5, 0",0,0,0,0,""
4,2698936,"s_add_i32 s8, s8, -1",0,0,0,0,""
4,2698940,"v_mov_b32_e32 v2, v1",0,0,0,0,""
4,2698944,"v_mad_u64_u32 v[4:5], s[10:11], v3, s13, v[4:5]",0,0,0,0,""
4,2698952,"v_mad_u64_u32 v[0:1], s[10:11], v3, s12, v[0:1]",0,0,0,0,""
4,2698960,"s_cmp_lg_u32 s8, 0",0,0,0,0,""
4,2698964,"v_mov_b32_e32 v1, v4",0,0,0,0,""
4,2698968,"s_cbranch_scc1 65508",0,0,0,0,""
4,2698972,"v_mov_b32_e32 v3, 0",0,0,0,0,""
4,2698976,"v_mov_b32_e32 v2, v0",0,0,0,0,""
4,2698980,"v_mov_b32_e32 v0, v1",0,0,0,0,""
4,2698984,"v_mov_b32_e32 v1, v3",0,0,0,0,""
4,2698988,"s_waitcnt lgkmcnt(0)",0,0,0,0,""
4,2698992,"v_lshl_add_u64 v[0:1], s[22:23], 0, v[0:1]",0,0,0,0,""
4,2699000,"global_load_ushort v4, v[0:1], off",0,0,0,0,""
4,2699008,"v_lshl_add_u64 v[0:1], s[20:21], 0, v[2:3]",0,0,0,0,""
4,2699016,"v_add_u32_e32 v28, 0x80, v28",0,0,0,0,""
4,2699024,"s_waitcnt vmcnt(0)",0,0,0,0,""
4,2699028,"global_store_short v[0:1], v4, off",0,0,0,0,""
4,2699036,"s_or_b64 exec, exec, s[34:35]",0,0,0,0,""
4,2699040,"v_cmp_gt_i32_e32 vcc, s42, v28",0,0,0,0,""
4,2699044,"s_and_saveexec_b64 s[34:35], vcc",0,0,0,0,""
4,2699048,"s_cbranch_execz 65363",0,0,0,0,""
4,2699052,"v_mov_b64_e32 v[2:3], 0",0,0,0,0,""
4,2699056,"s_andn2_b64 vcc, exec, s[28:29]",0,0,0,0,""
4,2699060,"v_mov_b64_e32 v[0:1], v[2:3]",0,0,0,0,""
4,2699064,"s_cbranch_vccnz 128",0,0,0,0,""
4,2699068,"s_add_i32 s44, s43, 1",0,0,0,0,""
4,2699072,"s_mov_b32 s36, 0",0,0,0,0,""
4,2699076,"s_cmp_lt_u32 s33, 4",0,0,0,0,""
4,2699080,"s_cbranch_scc1 77",0,0,0,0,""
4,2699084,"s_and_b32 s36, s44, 28",0,0,0,0,""
4,2699088,"s_mov_b32 s37, 0",0,0,0,0,""
4,2699092,"v_mov_b32_e32 v0, 0",0,0,0,0,""
4,2699096,"s_mov_b64 s[38:39], s[0:1]",0,0,0,0,""
4,2699100,"s_mov_b64 s[40:41], s[30:31]",0,0,0,0,""
4,2699104,"v_mov_b32_e32 v2, v28",0,0,0,0,""
4,2699108,"v_mov_b32_e32 v1, 0",0,0,0,0,""
4,2699112,"s_load_dwordx8 s[12:19], s[38:39], 0x4",0,0,0,0,""
4,2699120,"s_load_dwordx4 s[24:27], s[38:39], 0x24",0,0,0,0,""
4,2699128,"s_load_dwordx8 s[4:11], s[40:41], 0x0",0,0,0,0,""
4,2699136,"s_add_u32 s38, s38, 48",0,0,0,0,""
4,2699140,"s_addc_u32 s39, s39, 0",0,0,0,0,""
4,2699144,"s_waitcnt lgkmcnt(0)",0,0,0,0,""
4,2699148,"v_mul_hi_u32 v3, s13, v2",0,0,0,0,""
4,2699156,"v_add_u32_e32 v3, v2, v3",0,0,0,0,""
4,2699160,"v_lshrrev_b32_e32 v3, s14, v3",0,0,0,0,""
4,2699164,"v_mul_lo_u32 v4, v3, s12",0,0,0,0,""
4,2699172,"v_mul_hi_u32 v5, s16, v3",0,0,0,0,""
4,2699180,"v_sub_u32_e32 v2, v2, v4",0,0,0,0,""
4,2699184,"v_add_u32_e32 v4, v3, v5",0,0,0,0,""
4,2699188,"v_lshrrev_b32_e32 v4, s17, v4",0,0,0,0,""
4,2699192,"v_mul_lo_u32 v6, v4, s15",0,0,0,0,""
4,2699200,"v_mul_hi_u32 v7, s19, v4",0,0,0,0,""
4,2699208,"v_sub_u32_e32 v3, v3, v6",0,0,0,0,""
4,2699212,"v_add_u32_e32 v6, v4, v7",0,0,0,0,""
4,2699216,"v_mul_lo_u32 v5, v2, s5",0,0,0,0,""
4,2699224,"v_mul_lo_u32 v2, v2, s4",0,0,0,0,""
4,2699232,"v_mul_lo_u32 v7, v3, s7",0,0,0,0,""
4,2699240,"v_mul_lo_u32 v3, v3, s6",0,0,0,0,""
4,2699248,"v_lshrrev_b32_e32 v6, s24, v6",0,0,0,0,""
4,2699252,"v_add3_u32 v0, v2, v0, v3",0,0,0,0,""
4,2699260,"v_mul_lo_u32 v2, v6, s18",0,0,0,0,""
4,2699268,"v_mul_hi_u32 v3, s26, v6",0,0,0,0,""
4,2699276,"v_sub_u32_e32 v2, v4, v2",0,0,0,0,""
4,2699280,"v_add_u32_e32 v3, v6, v3",0,0,0,0,""
4,2699284,"v_add3_u32 v1, v5, v1, v7",0,0,0,0,""
4,2699292,"v_mul_lo_u32 v4, v2, s8",0,0,0,0,""
4,2699300,"v_mul_lo_u32 v5, v2, s9",0,0,0,0,""
4,2699308,"v_lshrrev_b32_e32 v2, s27, v3",0,0,0,0,""
4,2699312,"s_add_i32 s37, s37, 4",0,0,0,0,""
4,2699316,"v_mul_lo_u32 v3, v2, s25",0,0,0,0,""
4,2699324,"s_add_u32 s40, s40, 32",0,0,0,0,""
4,2699328,"v_sub_u32_e32 v3, v6, v3",0,0,0,0,""
4,2699332,"s_addc_u32 s41, s41, 0",0,0,0,0,""
4,2699336,"v_mul_lo_u32 v6, v3, s10",0,0,0,0,""
4,2699344,"v_mul_lo_u32 v3, v3, s11",0,0,0,0,""
4,2699352,"s_cmp_lg_u32 s36, s37",0,0,0,0,""
4,2699356,"v_add3_u32 v1, v5, v1, v3",0,0,0,0,""
4,2699364,"v_add3_u32 v0, v4, v0, v6",0,0,0,0,""
4,2699372,"s_cbranch_scc1 65470",0,0,0,0,""
4,2699376,"s_and_b32 s8, s44, 3",0,0,0,0,""
4,2699380,"s_cmp_eq_u32 s8, 0",0,0,0,0,""
4,2699384,"s_cbranch_scc0 7",0,0,0,0,""
4,2699388,"s_branch 43",0,0,0,0,""
4,2699392,"s_mov_b32 s37, s36",0,0,0,0,""
4,2699396,"v_mov_b64_e32 v[0:1], s[36:37]",0,0,0,0,""
4,2699400,"v_mov_b32_e32 v2, v28",0,0,0,0,""
4,2699404,"s_and_b32 s8, s44, 3",0,0,0,0,""
4,2699408,"s_cmp_eq_u32 s8, 0",0,0,0,0,""
4,2699412,"s_cbranch_scc1 37",0,0,0,0,""
4,2699416,"s_lshl_b32 s4, s36, 3",0,0,0,0,""
4,2699420,"s_add_u32 s4, s4, s0",0,0,0,0,""
4,2699424,"s_addc_u32 s5, s1, 0",0,0,0,0,""
4,2699428,"s_add_u32 s4, s4, 0xc4",0,0,0,0,""
4,2699436,"s_addc_u32 s5, s5, 0",0,0,0,0,""
4,2699440,"s_mul_i32 s6, s36, 12",0,0,0,0,""
4,2699444,"s_add_u32 s6, s0, s6",0,0,0,0,""
4,2699448,"s_addc_u32 s7, s1, 0",0,0,0,0,""
4,2699452,"s_load_dwordx2 s[10:11], s[6:7], 0x4",0,0,0,0,""
4,2699460,"s_load_dword s9, s[6:7], 0xc",0,0,0,0,""
4,2699468,"s_load_dwordx2 s[12:13], s[4:5], 0x0",0,0,0,0,""
4,2699476,"v_mov_b32_e32 v4, v1",0,0,0,0,""
4,2699480,"s_add_u32 s6, s6, 12",0,0,0,0,""
4,2699484,"s_waitcnt lgkmcnt(0)",0,0,0,0,""
4,2699488,"v_mul_hi_u32 v1, s11, v2",0,0,0,0,""
4,2699496,"v_add_u32_e32 v1, v2, v1",0,0,0,0,""
4,2699500,"v_lshrrev_b32_e32 v1, s9, v1",0,0,0,0,""
4,2699504,"s_addc_u32 s7, s7, 0",0,0,0,0,""
4,2699508,"v_mul_lo_u32 v3, v1, s10",0,0,0,0,""
4,2699516,"s_add_u32 s4, s4, 8",0,0,0,0,""
4,2699520,"v_sub_u32_e32 v3, v2, v3",0,0,0,0,""
4,2699524,"s_addc_u32 s5, s5, 0",0,0,0,0,""
4,2699528,"s_add_i32 s8, s8, -1",0,0,0,0,""
4,2699532,"v_mov_b32_e32 v2, v1",0,0,0,0,""
4,2699536,"v_mad_u64_u32 v[4:5], s[10:11], v3, s13, v[4:5]",0,0,0,0,""
4,2699544,"v_mad_u64_u32 v[0:1], s[10:11], v3, s12, v[0:1]",0,0,0,0,""
4,2699552,"s_cmp_lg_u32 s8, 0",0,0,0,0,""
4,2699556,"v_mov_b32_e32 v1, v4",0,0,0,0,""
4,2699560,"s_cbranch_scc1 65508",0,0,0,0,""
4,2699564,"v_mov_b32_e32 v3, 0",0,0,0,0,""
4,2699568,"v_mov_b32_e32 v2, v0",0,0,0,0,""
4,2699572,"v_mov_b32_e32 v0, v1",0,0,0,0,""
4,2699576,"v_mov_b32_e32 v1, v3",0,0,0,0,""
4,2699580,"s_waitcnt lgkmcnt(0)",0,0,0,0,""
4,2699584,"v_lshl_add_u64 v[0:1], s[22:23], 0, v[0:1]",0,0,0,0,""
4,2699592,"global_load_ushort v4, v[0:1], off",0,0,0,0,""
4,2699600,"v_lshl_add_u64 v[0:1], s[20:21], 0, v[2:3]",0,0,0,0,""
4,2699608,"v_add_u32_e32 v28, 0x80, v28",0,0,0,0,""
4,2699616,"s_waitcnt vmcnt(0)",0,0,0,0,""
4,2699620,"global_store_short v[0:1], v4, off",0,0,0,0,""
4,2699628,"s_or_b64 exec, exec, s[34:35]",0,0,0,0,""
4,2699632,"v_cmp_gt_i32_e32 vcc, s42, v28",0,0,0,0,""
4,2699636,"s_and_saveexec_b64 s[34:35], vcc",0,0,0,0,""
4,2699640,"s_cbranch_execz 65219",0,0,0,0,""
4,2699644,"v_mov_b64_e32 v[2:3], 0",0,0,0,0,""
4,2699648,"s_andn2_b64 vcc, exec, s[28:29]",0,0,0,0,""
4,2699652,"v_mov_b64_e32 v[0:1], v[2:3]",0,0,0,0,""
4,2699656,"s_cbranch_vccnz 128",0,0,0,0,""
4,2699660,"s_add_i32 s44, s43, 1",0,0,0,0,""
4,2699664,"s_mov_b32 s36, 0",0,0,0,0,""
4,2699668,"s_cmp_lt_u32 s33, 4",0,0,0,0,""
4,2699672,"s_cbranch_scc1 77",0,0,0,0,""
4,2699676,"s_and_b32 s36, s44, 28",0,0,0,0,""
4,2699680,"s_mov_b32 s37, 0",0,0,0,0,""
4,2699684,"v_mov_b32_e32 v0, 0",0,0,0,0,""
4,2699688,"s_mov_b64 s[38:39], s[0:1]",0,0,0,0,""
4,2699692,"s_mov_b64 s[40:41], s[30:31]",0,0,0,0,""
4,2699696,"v_mov_b32_e32 v2, v28",0,0,0,0,""
4,2699700,"v_mov_b32_e32 v1, 0",0,0,0,0,""
4,2699704,"s_load_dwordx8 s[12:19], s[38:39], 0x4",0,0,0,0,""
4,2699712,"s_load_dwordx4 s[24:27], s[38:39], 0x24",0,0,0,0,""
4,2699720,"s_load_dwordx8 s[4:11], s[40:41], 0x0",0,0,0,0,""
4,2699728,"s_add_u32 s38, s38, 48",0,0,0,0,""
4,2699732,"s_addc_u32 s39, s39, 0",0,0,0,0,""
4,2699736,"s_waitcnt lgkmcnt(0)",0,0,0,0,""
4,2699740,"v_mul_hi_u32 v3, s13, v2",0,0,0,0,""
4,2699748,"v_add_u32_e32 v3, v2, v3",0,0,0,0,""
4,2699752,"v_lshrrev_b32_e32 v3, s14, v3",0,0,0,0,""
4,2699756,"v_mul_lo_u32 v4, v3, s12",0,0,0,0,""
4,2699764,"v_mul_hi_u32 v5, s16, v3",0,0,0,0,""
4,2699772,"v_sub_u32_e32 v2, v2, v4",0,0,0,0,""
4,2699776,"v_add_u32_e32 v4, v3, v5",0,0,0,0,""
4,2699780,"v_lshrrev_b32_e32 v4, s17, v4",0,0,0,0,""
4,2699784,"v_mul_lo_u32 v6, v4, s15",0,0,0,0,""
4,2699792,"v_mul_hi_u32 v7, s19, v4",0,0,0,0,""
4,2699800,"v_sub_u32_e32 v3, v3, v6",0,0,0,0,""
4,2699804,"v_add_u32_e32 v6, v4, v7",0,0,0,0,""
4,2699808,"v_mul_lo_u32 v5, v2, s5",0,0,0,0,""
4,2699816,"v_mul_lo_u32 v2, v2, s4",0,0,0,0,""
4,2699824,"v_mul_lo_u32 v7, v3, s7",0,0,0,0,""
4,2699832,"v_mul_lo_u32 v3, v3, s6",0,0,0,0,""
4,2699840,"v_lshrrev_b32_e32 v6, s24, v6",0,0,0,0,""
4,2699844,"v_add3_u32 v0, v2, v0, v3",0,0,0,0,""
4,2699852,"v_mul_lo_u32 v2, v6, s18",0,0,0,0,""
4,2699860,"v_mul_hi_u32 v3, s26, v6",0,0,0,0,""
4,2699868,"v_sub_u32_e32 v2, v4, v2",0,0,0,0,""
4,2699872,"v_add_u32_e32 v3, v6, v3",0,0,0,0,""
4,2699876,"v_add3_u32 v1, v5, v1, v7",0,0,0,0,""
4,2699884,"v_mul_lo_u32 v4, v2, s8",0,0,0,0,""
4,2699892,"v_mul_lo_u32 v5, v2, s9",0,0,0,0,""
4,2699900,"v_lshrrev_b32_e32 v2, s27, v3",0,0,0,0,""
4,2699904,"s_add_i32 s37, s37, 4",0,0,0,0,""
4,2699908,"v_mul_lo_u32 v3, v2, s25",0,0,0,0,""
4,2699916,"s_add_u32 s40, s40, 32",0,0,0,0,""
4,2699920,"v_sub_u32_e32 v3, v6, v3",0,0,0,0,""
4,2699924,"s_addc_u32 s41, s41, 0",0,0,0,0,""
4,2699928,"v_mul_lo_u32 v6, v3, s10",0,0,0,0,""
4,2699936,"v_mul_lo_u32 v3, v3, s11",0,0,0,0,""
4,2699944,"s_cmp_lg_u32 s36, s37",0,0,0,0,""
4,2699948,"v_add3_u32 v1, v5, v1, v3",0,0,0,0,""
4,2699956,"v_add3_u32 v0, v4, v0, v6",0,0,0,0,""
4,2699964,"s_cbranch_scc1 65470",0,0,0,0,""
4,2699968,"s_and_b32 s8, s44, 3",0,0,0,0,""
4,2699972,"s_cmp_eq_u32 s8, 0",0,0,0,0,""
4,2699976,"s_cbranch_scc0 7",0,0,0,0,""
4,2699980,"s_branch 43",0,0,0,0,""
4,2699984,"s_mov_b32 s37, s36",0,0,0,0,""
4,2699988,"v_mov_b64_e32 v[0:1], s[36:37]",0,0,0,0,""
4,2699992,"v_mov_b32_e32 v2, v28",0,0,0,0,""
4,2699996,"s_and_b32 s8, s44, 3",0,0,0,0,""
4,2700000,"s_cmp_eq_u32 s8, 0",0,0,0,0,""
4,2700004,"s_cbranch_scc1 37",0,0,0,0,""
4,2700008,"s_lshl_b32 s4, s36, 3",0,0,0,0,""
4,2700012,"s_add_u32 s4, s4, s0",0,0,0,0,""
4,2700016,"s_addc_u32 s5, s1, 0",0,0,0,0,""
4,2700020,"s_add_u32 s4, s4, 0xc4",0,0,0,0,""
4,2700028,"s_addc_u32 s5, s5, 0",0,0,0,0,""
4,2700032,"s_mul_i32 s6, s36, 12",0,0,0,0,""
4,2700036,"s_add_u32 s6, s0, s6",0,0,0,0,""
4,2700040,"s_addc_u32 s7, s1, 0",0,0,0,0,""
4,2700044,"s_load_dwordx2 s[10:11], s[6:7], 0x4",0,0,0,0,""
4,2700052,"s_load_dword s9, s[6:7], 0xc",0,0,0,0,""
4,2700060,"s_load_dwordx2 s[12:13], s[4:5], 0x0",0,0,0,0,""
4,2700068,"v_mov_b32_e32 v4, v1",0,0,0,0,""
4,2700072,"s_add_u32 s6, s6, 12",0,0,0,0,""
4,2700076,"s_waitcnt lgkmcnt(0)",0,0,0,0,""
4,2700080,"v_mul_hi_u32 v1, s11, v2",0,0,0,0,""
4,2700088,"v_add_u32_e32 v1, v2, v1",0,0,0,0,""
4,2700092,"v_lshrrev_b32_e32 v1, s9, v1",0,0,0,0,""
4,2700096,"s_addc_u32 s7, s7, 0",0,0,0,0,""
4,2700100,"v_mul_lo_u32 v3, v1, s10",0,0,0,0,""
4,2700108,"s_add_u32 s4, s4, 8",0,0,0,0,""
4,2700112,"v_sub_u32_e32 v3, v2, v3",0,0,0,0,""
4,2700116,"s_addc_u32 s5, s5, 0",0,0,0,0,""
4,2700120,"s_add_i32 s8, s8, -1",0,0,0,0,""
4,2700124,"v_mov_b32_e32 v2, v1",0,0,0,0,""
4,2700128,"v_mad_u64_u32 v[4:5], s[10:11], v3, s13, v[4:5]",0,0,0,0,""
4,2700136,"v_mad_u64_u32 v[0:1], s[10:11], v3, s12, v[0:1]",0,0,0,0,""
4,2700144,"s_cmp_lg_u32 s8, 0",0,0,0,0,""
4,2700148,"v_mov_b32_e32 v1, v4",0,0,0,0,""
4,2700152,"s_cbranch_scc1 65508",0,0,0,0,""
4,2700156,"v_mov_b32_e32 v3, 0",0,0,0,0,""
4,2700160,"v_mov_b32_e32 v2, v0",0,0,0,0,""
4,2700164,"v_mov_b32_e32 v0, v1",0,0,0,0,""
4,2700168,"v_mov_b32_e32 v1, v3",0,0,0,0,""
4,2700172,"s_waitcnt lgkmcnt(0)",0,0,0,0,""
4,2700176,"v_lshl_add_u64 v[0:1], s[22:23], 0, v[0:1]",0,0,0,0,""
4,2700184,"global_load_ushort v4, v[0:1], off",0,0,0,0,""
4,2700192,"v_lshl_add_u64 v[0:1], s[20:21], 0, v[2:3]",0,0,0,0,""
4,2700200,"v_add_u32_e32 v28, 0x80, v28",0,0,0,0,""
4,2700208,"s_waitcnt vmcnt(0)",0,0,0,0,""
4,2700212,"global_store_short v[0:1], v4, off",0,0,0,0,""
4,2700220,"s_or_b64 exec, exec, s[34:35]",0,0,0,0,""
4,2700224,"v_cmp_gt_i32_e32 vcc, s42, v28",0,0,0,0,""
4,2700228,"s_and_saveexec_b64 s[34:35], vcc",0,0,0,0,""
4,2700232,"s_cbranch_execz 65075",0,0,0,0,""
4,2700236,"v_mov_b64_e32 v[2:3], 0",0,0,0,0,""
4,2700240,"s_andn2_b64 vcc, exec, s[28:29]",0,0,0,0,""
4,2700244,"v_mov_b64_e32 v[0:1], v[2:3]",0,0,0,0,""
4,2700248,"s_cbranch_vccnz 128",0,0,0,0,""
4,2700252,"s_add_i32 s44, s43, 1",0,0,0,0,""
4,2700256,"s_mov_b32 s36, 0",0,0,0,0,""
4,2700260,"s_cmp_lt_u32 s33, 4",0,0,0,0,""
4,2700264,"s_cbranch_scc1 77",0,0,0,0,""
4,2700268,"s_and_b32 s36, s44, 28",0,0,0,0,""
4,2700272,"s_mov_b32 s37, 0",0,0,0,0,""
4,2700276,"v_mov_b32_e32 v0, 0",0,0,0,0,""
4,2700280,"s_mov_b64 s[38:39], s[0:1]",0,0,0,0,""
4,2700284,"s_mov_b64 s[40:41], s[30:31]",0,0,0,0,""
4,2700288,"v_mov_b32_e32 v2, v28",0,0,0,0,""
4,2700292,"v_mov_b32_e32 v1, 0",0,0,0,0,""
4,2700296,"s_load_dwordx8 s[12:19], s[38:39], 0x4",0,0,0,0,""
4,2700304,"s_load_dwordx4 s[24:27], s[38:39], 0x24",0,0,0,0,""
4,2700312,"s_load_dwordx8 s[4:11], s[40:41], 0x0",0,0,0,0,""
4,2700320,"s_add_u32 s38, s38, 48",0,0,0,0,""
4,2700324,"s_addc_u32 s39, s39, 0",0,0,0,0,""
4,2700328,"s_waitcnt lgkmcnt(0)",0,0,0,0,""
4,2700332,"v_mul_hi_u32 v3, s13, v2",0,0,0,0,""
4,2700340,"v_add_u32_e32 v3, v2, v3",0,0,0,0,""
4,2700344,"v_lshrrev_b32_e32 v3, s14, v3",0,0,0,0,""
4,2700348,"v_mul_lo_u32 v4, v3, s12",0,0,0,0,""
4,2700356,"v_mul_hi_u32 v5, s16, v3",0,0,0,0,""
4,2700364,"v_sub_u32_e32 v2, v2, v4",0,0,0,0,""
4,2700368,"v_add_u32_e32 v4, v3, v5",0,0,0,0,""
4,2700372,"v_lshrrev_b32_e32 v4, s17, v4",0,0,0,0,""
4,2700376,"v_mul_lo_u32 v6, v4, s15",0,0,0,0,""
4,2700384,"v_mul_hi_u32 v7, s19, v4",0,0,0,0,""
4,2700392,"v_sub_u32_e32 v3, v3, v6",0,0,0,0,""
4,2700396,"v_add_u32_e32 v6, v4, v7",0,0,0,0,""
4,2700400,"v_mul_lo_u32 v5, v2, s5",0,0,0,0,""
4,2700408,"v_mul_lo_u32 v2, v2, s4",0,0,0,0,""
4,2700416,"v_mul_lo_u32 v7, v3, s7",0,0,0,0,""
4,2700424,"v_mul_lo_u32 v3, v3, s6",0,0,0,0,""
4,2700432,"v_lshrrev_b32_e32 v6, s24, v6",0,0,0,0,""
4,2700436,"v_add3_u32 v0, v2, v0, v3",0,0,0,0,""
4,2700444,"v_mul_lo_u32 v2, v6, s18",0,0,0,0,""
4,2700452,"v_mul_hi_u32 v3, s26, v6",0,0,0,0,""
4,2700460,"v_sub_u32_e32 v2, v4, v2",0,0,0,0,""
4,2700464,"v_add_u32_e32 v3, v6, v3",0,0,0,0,""
4,2700468,"v_add3_u32 v1, v5, v1, v7",0,0,0,0,""
4,2700476,"v_mul_lo_u32 v4, v2, s8",0,0,0,0,""
4,2700484,"v_mul_lo_u32 v5, v2, s9",0,0,0,0,""
4,2700492,"v_lshrrev_b32_e32 v2, s27, v3",0,0,0,0,""
4,2700496,"s_add_i32 s37, s37, 4",0,0,0,0,""
4,2700500,"v_mul_lo_u32 v3, v2, s25",0,0,0,0,""
4,2700508,"s_add_u32 s40, s40, 32",0,0,0,0,""
4,2700512,"v_sub_u32_e32 v3, v6, v3",0,0,0,0,""
4,2700516,"s_addc_u32 s41, s41, 0",0,0,0,0,""
4,2700520,"v_mul_lo_u32 v6, v3, s10",0,0,0,0,""
4,2700528,"v_mul_lo_u32 v3, v3, s11",0,0,0,0,""
4,2700536,"s_cmp_lg_u32 s36, s37",0,0,0,0,""
4,2700540,"v_add3_u32 v1, v5, v1, v3",0,0,0,0,""
4,2700548,"v_add3_u32 v0, v4, v0, v6",0,0,0,0,""
4,2700556,"s_cbranch_scc1 65470",0,0,0,0,""
4,2700560,"s_and_b32 s8, s44, 3",0,0,0,0,""
4,2700564,"s_cmp_eq_u32 s8, 0",0,0,0,0,""
4,2700568,"s_cbranch_scc0 7",0,0,0,0,""
4,2700572,"s_branch 43",0,0,0,0,""
4,2700576,"s_mov_b32 s37, s36",0,0,0,0,""
4,2700580,"v_mov_b64_e32 v[0:1], s[36:37]",0,0,0,0,""
4,2700584,"v_mov_b32_e32 v2, v28",0,0,0,0,""
4,2700588,"s_and_b32 s8, s44, 3",0,0,0,0,""
4,2700592,"s_cmp_eq_u32 s8, 0",0,0,0,0,""
4,2700596,"s_cbranch_scc1 37",0,0,0,0,""
4,2700600,"s_lshl_b32 s4, s36, 3",0,0,0,0,""
4,2700604,"s_add_u32 s4, s4, s0",0,0,0,0,""
4,2700608,"s_addc_u32 s5, s1, 0",0,0,0,0,""
4,2700612,"s_add_u32 s4, s4, 0xc4",0,0,0,0,""
4,2700620,"s_addc_u32 s5, s5, 0",0,0,0,0,""
4,2700624,"s_mul_i32 s6, s36, 12",0,0,0,0,""
4,2700628,"s_add_u32 s6, s0, s6",0,0,0,0,""
4,2700632,"s_addc_u32 s7, s1, 0",0,0,0,0,""
4,2700636,"s_load_dwordx2 s[10:11], s[6:7], 0x4",0,0,0,0,""
4,2700644,"s_load_dword s9, s[6:7], 0xc",0,0,0,0,""
4,2700652,"s_load_dwordx2 s[12:13], s[4:5], 0x0",0,0,0,0,""
4,2700660,"v_mov_b32_e32 v4, v1",0,0,0,0,""
4,2700664,"s_add_u32 s6, s6, 12",0,0,0,0,""
4,2700668,"s_waitcnt lgkmcnt(0)",0,0,0,0,""
4,2700672,"v_mul_hi_u32 v1, s11, v2",0,0,0,0,""
4,2700680,"v_add_u32_e32 v1, v2, v1",0,0,0,0,""
4,2700684,"v_lshrrev_b32_e32 v1, s9, v1",0,0,0,0,""
4,2700688,"s_addc_u32 s7, s7, 0",0,0,0,0,""
4,2700692,"v_mul_lo_u32 v3, v1, s10",0,0,0,0,""
4,2700700,"s_add_u32 s4, s4, 8",0,0,0,0,""
4,2700704,"v_sub_u32_e32 v3, v2, v3",0,0,0,0,""
4,2700708,"s_addc_u32 s5, s5, 0",0,0,0,0,""
4,2700712,"s_add_i32 s8, s8, -1",0,0,0,0,""
4,2700716,"v_mov_b32_e32 v2, v1",0,0,0,0,""
4,2700720,"v_mad_u64_u32 v[4:5], s[10:11], v3, s13, v[4:5]",0,0,0,0,""
4,2700728,"v_mad_u64_u32 v[0:1], s[10:11], v3, s12, v[0:1]",0,0,0,0,""
4,2700736,"s_cmp_lg_u32 s8, 0",0,0,0,0,""
4,2700740,"v_mov_b32_e32 v1, v4",0,0,0,0,""
4,2700744,"s_cbranch_scc1 65508",0,0,0,0,""
4,2700748,"v_mov_b32_e32 v3, 0",0,0,0,0,""
4,2700752,"v_mov_b32_e32 v2, v0",0,0,0,0,""
4,2700756,"v_mov_b32_e32 v0, v1",0,0,0,0,""
4,2700760,"v_mov_b32_e32 v1, v3",0,0,0,0,""
4,2700764,"s_waitcnt lgkmcnt(0)",0,0,0,0,""
4,2700768,"v_lshl_add_u64 v[0:1], s[22:23], 0, v[0:1]",0,0,0,0,""
4,2700776,"global_load_ushort v4, v[0:1], off",0,0,0,0,""
4,2700784,"v_lshl_add_u64 v[0:1], s[20:21], 0, v[2:3]",0,0,0,0,""
4,2700792,"v_add_u32_e32 v28, 0x80, v28",0,0,0,0,""
4,2700800,"s_waitcnt vmcnt(0)",0,0,0,0,""
4,2700804,"global_store_short v[0:1], v4, off",0,0,0,0,""
4,2700812,"s_or_b64 exec, exec, s[34:35]",0,0,0,0,""
4,2700816,"v_cmp_gt_i32_e32 vcc, s42, v28",0,0,0,0,""
4,2700820,"s_and_saveexec_b64 s[34:35], vcc",0,0,0,0,""
4,2700824,"s_cbranch_execz 64931",0,0,0,0,""
4,2700828,"v_mov_b64_e32 v[2:3], 0",0,0,0,0,""
4,2700832,"s_andn2_b64 vcc, exec, s[28:29]",0,0,0,0,""
4,2700836,"v_mov_b64_e32 v[0:1], v[2:3]",0,0,0,0,""
4,2700840,"s_cbranch_vccnz 128",0,0,0,0,""
4,2700844,"s_add_i32 s44, s43, 1",0,0,0,0,""
4,2700848,"s_mov_b32 s36, 0",0,0,0,0,""
4,2700852,"s_cmp_lt_u32 s33, 4",0,0,0,0,""
4,2700856,"s_cbranch_scc1 77",0,0,0,0,""
4,2700860,"s_and_b32 s36, s44, 28",0,0,0,0,""
4,2700864,"s_mov_b32 s37, 0",0,0,0,0,""
4,2700868,"v_mov_b32_e32 v0, 0",0,0,0,0,""
4,2700872,"s_mov_b64 s[38:39], s[0:1]",0,0,0,0,""
4,2700876,"s_mov_b64 s[40:41], s[30:31]",0,0,0,0,""
4,2700880,"v_mov_b32_e32 v2, v28",0,0,0,0,""
4,2700884,"v_mov_b32_e32 v1, 0",0,0,0,0,""
4,2700888,"s_load_dwordx8 s[12:19], s[38:39], 0x4",0,0,0,0,""
4,2700896,"s_load_dwordx4 s[24:27], s[38:39], 0x24",0,0,0,0,""
4,2700904,"s_load_dwordx8 s[4:11], s[40:41], 0x0",0,0,0,0,""
4,2700912,"s_add_u32 s38, s38, 48",0,0,0,0,""
4,2700916,"s_addc_u32 s39, s39, 0",0,0,0,0,""
4,2700920,"s_waitcnt lgkmcnt(0)",0,0,0,0,""
4,2700924,"v_mul_hi_u32 v3, s13, v2",0,0,0,0,""
4,2700932,"v_add_u32_e32 v3, v2, v3",0,0,0,0,""
4,2700936,"v_lshrrev_b32_e32 v3, s14, v3",0,0,0,0,""
4,2700940,"v_mul_lo_u32 v4, v3, s12",0,0,0,0,""
4,2700948,"v_mul_hi_u32 v5, s16, v3",0,0,0,0,""
4,2700956,"v_sub_u32_e32 v2, v2, v4",0,0,0,0,""
4,2700960,"v_add_u32_e32 v4, v3, v5",0,0,0,0,""
4,2700964,"v_lshrrev_b32_e32 v4, s17, v4",0,0,0,0,""
4,2700968,"v_mul_lo_u32 v6, v4, s15",0,0,0,0,""
4,2700976,"v_mul_hi_u32 v7, s19, v4",0,0,0,0,""
4,2700984,"v_sub_u32_e32 v3, v3, v6",0,0,0,0,""
4,2700988,"v_add_u32_e32 v6, v4, v7",0,0,0,0,""
4,2700992,"v_mul_lo_u32 v5, v2, s5",0,0,0,0,""
4,2701000,"v_mul_lo_u32 v2, v2, s4",0,0,0,0,""
4,2701008,"v_mul_lo_u32 v7, v3, s7",0,0,0,0,""
4,2701016,"v_mul_lo_u32 v3, v3, s6",0,0,0,0,""
4,2701024,"v_lshrrev_b32_e32 v6, s24, v6",0,0,0,0,""
4,2701028,"v_add3_u32 v0, v2, v0, v3",0,0,0,0,""
4,2701036,"v_mul_lo_u32 v2, v6, s18",0,0,0,0,""
4,2701044,"v_mul_hi_u32 v3, s26, v6",0,0,0,0,""
4,2701052,"v_sub_u32_e32 v2, v4, v2",0,0,0,0,""
4,2701056,"v_add_u32_e32 v3, v6, v3",0,0,0,0,""
4,2701060,"v_add3_u32 v1, v5, v1, v7",0,0,0,0,""
4,2701068,"v_mul_lo_u32 v4, v2, s8",0,0,0,0,""
4,2701076,"v_mul_lo_u32 v5, v2, s9",0,0,0,0,""
4,2701084,"v_lshrrev_b32_e32 v2, s27, v3",0,0,0,0,""
4,2701088,"s_add_i32 s37, s37, 4",0,0,0,0,""
4,2701092,"v_mul_lo_u32 v3, v2, s25",0,0,0,0,""
4,2701100,"s_add_u32 s40, s40, 32",0,0,0,0,""
4,2701104,"v_sub_u32_e32 v3, v6, v3",0,0,0,0,""
4,2701108,"s_addc_u32 s41, s41, 0",0,0,0,0,""
4,2701112,"v_mul_lo_u32 v6, v3, s10",0,0,0,0,""
4,2701120,"v_mul_lo_u32 v3, v3, s11",0,0,0,0,""
4,2701128,"s_cmp_lg_u32 s36, s37",0,0,0,0,""
4,2701132,"v_add3_u32 v1, v5, v1, v3",0,0,0,0,""
4,2701140,"v_add3_u32 v0, v4, v0, v6",0,0,0,0,""
4,2701148,"s_cbranch_scc1 65470",0,0,0,0,""
4,2701152,"s_and_b32 s8, s44, 3",0,0,0,0,""
4,2701156,"s_cmp_eq_u32 s8, 0",0,0,0,0,""
4,2701160,"s_cbranch_scc0 7",0,0,0,0,""
4,2701164,"s_branch 43",0,0,0,0,""
4,2701168,"s_mov_b32 s37, s36",0,0,0,0,""
4,2701172,"v_mov_b64_e32 v[0:1], s[36:37]",0,0,0,0,""
4,2701176,"v_mov_b32_e32 v2, v28",0,0,0,0,""
4,2701180,"s_and_b32 s8, s44, 3",0,0,0,0,""
4,2701184,"s_cmp_eq_u32 s8, 0",0,0,0,0,""
4,2701188,"s_cbranch_scc1 37",0,0,0,0,""
4,2701192,"s_lshl_b32 s4, s36, 3",0,0,0,0,""
4,2701196,"s_add_u32 s4, s4, s0",0,0,0,0,""
4,2701200,"s_addc_u32 s5, s1, 0",0,0,0,0,""
4,2701204,"s_add_u32 s4, s4, 0xc4",0,0,0,0,""
4,2701212,"s_addc_u32 s5, s5, 0",0,0,0,0,""
4,2701216,"s_mul_i32 s6, s36, 12",0,0,0,0,""
4,2701220,"s_add_u32 s6, s0, s6",0,0,0,0,""
4,2701224,"s_addc_u32 s7, s1, 0",0,0,0,0,""
4,2701228,"s_load_dwordx2 s[10:11], s[6:7], 0x4",0,0,0,0,""
4,2701236,"s_load_dword s9, s[6:7], 0xc",0,0,0,0,""
4,2701244,"s_load_dwordx2 s[12:13], s[4:5], 0x0",0,0,0,0,""
4,2701252,"v_mov_b32_e32 v4, v1",0,0,0,0,""
4,2701256,"s_add_u32 s6, s6, 12",0,0,0,0,""
4,2701260,"s_waitcnt lgkmcnt(0)",0,0,0,0,""
4,2701264,"v_mul_hi_u32 v1, s11, v2",0,0,0,0,""
4,2701272,"v_add_u32_e32 v1, v2, v1",0,0,0,0,""
4,2701276,"v_lshrrev_b32_e32 v1, s9, v1",0,0,0,0,""
4,2701280,"s_addc_u32 s7, s7, 0",0,0,0,0,""
4,2701284,"v_mul_lo_u32 v3, v1, s10",0,0,0,0,""
4,2701292,"s_add_u32 s4, s4, 8",0,0,0,0,""
4,2701296,"v_sub_u32_e32 v3, v2, v3",0,0,0,0,""
4,2701300,"s_addc_u32 s5, s5, 0",0,0,0,0,""
4,2701304,"s_add_i32 s8, s8, -1",0,0,0,0,""
4,2701308,"v_mov_b32_e32 v2, v1",0,0,0,0,""
4,2701312,"v_mad_u64_u32 v[4:5], s[10:11], v3, s13, v[4:5]",0,0,0,0,""
4,2701320,"v_mad_u64_u32 v[0:1], s[10:11], v3, s12, v[0:1]",0,0,0,0,""
4,2701328,"s_cmp_lg_u32 s8, 0",0,0,0,0,""
4,2701332,"v_mov_b32_e32 v1, v4",0,0,0,0,""
4,2701336,"s_cbranch_scc1 65508",0,0,0,0,""
4,2701340,"v_mov_b32_e32 v3, 0",0,0,0,0,""
4,2701344,"v_mov_b32_e32 v2, v0",0,0,0,0,""
4,2701348,"v_mov_b32_e32 v0, v1",0,0,0,0,""
4,2701352,"v_mov_b32_e32 v1, v3",0,0,0,0,""
4,2701356,"s_waitcnt lgkmcnt(0)",0,0,0,0,""
4,2701360,"v_lshl_add_u64 v[0:1], s[22:23], 0, v[0:1]",0,0,0,0,""
4,2701368,"global_load_ushort v4, v[0:1], off",0,0,0,0,""
4,2701376,"v_lshl_add_u64 v[0:1], s[20:21], 0, v[2:3]",0,0,0,0,""
4,2701384,"v_add_u32_e32 v28, 0x80, v28",0,0,0,0,""
4,2701392,"s_waitcnt vmcnt(0)",0,0,0,0,""
4,2701396,"global_store_short v[0:1], v4, off",0,0,0,0,""
4,2701404,"s_or_b64 exec, exec, s[34:35]",0,0,0,0,""
4,2701408,"v_cmp_gt_i32_e32 vcc, s42, v28",0,0,0,0,""
4,2701412,"s_and_saveexec_b64 s[34:35], vcc",0,0,0,0,""
4,2701416,"s_cbranch_execz 64787",0,0,0,0,""
4,2701420,"v_mov_b64_e32 v[2:3], 0",0,0,0,0,""
4,2701424,"s_andn2_b64 vcc, exec, s[28:29]",0,0,0,0,""
4,2701428,"v_mov_b64_e32 v[0:1], v[2:3]",0,0,0,0,""
4,2701432,"s_cbranch_vccnz 128",0,0,0,0,""
4,2701436,"s_add_i32 s44, s43, 1",0,0,0,0,""
4,2701440,"s_mov_b32 s36, 0",0,0,0,0,""
4,2701444,"s_cmp_lt_u32 s33, 4",0,0,0,0,""
4,2701448,"s_cbranch_scc1 77",0,0,0,0,""
4,2701452,"s_and_b32 s36, s44, 28",0,0,0,0,""
4,2701456,"s_mov_b32 s37, 0",0,0,0,0,""
4,2701460,"v_mov_b32_e32 v0, 0",0,0,0,0,""
4,2701464,"s_mov_b64 s[38:39], s[0:1]",0,0,0,0,""
4,2701468,"s_mov_b64 s[40:41], s[30:31]",0,0,0,0,""
4,2701472,"v_mov_b32_e32 v2, v28",0,0,0,0,""
4,2701476,"v_mov_b32_e32 v1, 0",0,0,0,0,""
4,2701480,"s_load_dwordx8 s[12:19], s[38:39], 0x4",0,0,0,0,""
4,2701488,"s_load_dwordx4 s[24:27], s[38:39], 0x24",0,0,0,0,""
4,2701496,"s_load_dwordx8 s[4:11], s[40:41], 0x0",0,0,0,0,""
4,2701504,"s_add_u32 s38, s38, 48",0,0,0,0,""
4,2701508,"s_addc_u32 s39, s39, 0",0,0,0,0,""
4,2701512,"s_waitcnt lgkmcnt(0)",0,0,0,0,""
4,2701516,"v_mul_hi_u32 v3, s13, v2",0,0,0,0,""
4,2701524,"v_add_u32_e32 v3, v2, v3",0,0,0,0,""
4,2701528,"v_lshrrev_b32_e32 v3, s14, v3",0,0,0,0,""
4,2701532,"v_mul_lo_u32 v4, v3, s12",0,0,0,0,""
4,2701540,"v_mul_hi_u32 v5, s16, v3",0,0,0,0,""
4,2701548,"v_sub_u32_e32 v2, v2, v4",0,0,0,0,""
4,2701552,"v_add_u32_e32 v4, v3, v5",0,0,0,0,""
4,2701556,"v_lshrrev_b32_e32 v4, s17, v4",0,0,0,0,""
4,2701560,"v_mul_lo_u32 v6, v4, s15",0,0,0,0,""
4,2701568,"v_mul_hi_u32 v7, s19, v4",0,0,0,0,""
4,2701576,"v_sub_u32_e32 v3, v3, v6",0,0,0,0,""
4,2701580,"v_add_u32_e32 v6, v4, v7",0,0,0,0,""
4,2701584,"v_mul_lo_u32 v5, v2, s5",0,0,0,0,""
4,2701592,"v_mul_lo_u32 v2, v2, s4",0,0,0,0,""
4,2701600,"v_mul_lo_u32 v7, v3, s7",0,0,0,0,""
4,2701608,"v_mul_lo_u32 v3, v3, s6",0,0,0,0,""
4,2701616,"v_lshrrev_b32_e32 v6, s24, v6",0,0,0,0,""
4,2701620,"v_add3_u32 v0, v2, v0, v3",0,0,0,0,""
4,2701628,"v_mul_lo_u32 v2, v6, s18",0,0,0,0,""
4,2701636,"v_mul_hi_u32 v3, s26, v6",0,0,0,0,""
4,2701644,"v_sub_u32_e32 v2, v4, v2",0,0,0,0,""
4,2701648,"v_add_u32_e32 v3, v6, v3",0,0,0,0,""
4,2701652,"v_add3_u32 v1, v5, v1, v7",0,0,0,0,""
4,2701660,"v_mul_lo_u32 v4, v2, s8",0,0,0,0,""
4,2701668,"v_mul_lo_u32 v5, v2, s9",0,0,0,0,""
4,2701676,"v_lshrrev_b32_e32 v2, s27, v3",0,0,0,0,""
4,2701680,"s_add_i32 s37, s37, 4",0,0,0,0,""
4,2701684,"v_mul_lo_u32 v3, v2, s25",0,0,0,0,""
4,2701692,"s_add_u32 s40, s40, 32",0,0,0,0,""
4,2701696,"v_sub_u32_e32 v3, v6, v3",0,0,0,0,""
4,2701700,"s_addc_u32 s41, s41, 0",0,0,0,0,""
4,2701704,"v_mul_lo_u32 v6, v3, s10",0,0,0,0,""
4,2701712,"v_mul_lo_u32 v3, v3, s11",0,0,0,0,""
4,2701720,"s_cmp_lg_u32 s36, s37",0,0,0,0,""
4,2701724,"v_add3_u32 v1, v5, v1, v3",0,0,0,0,""
4,2701732,"v_add3_u32 v0, v4, v0, v6",0,0,0,0,""
4,2701740,"s_cbranch_scc1 65470",0,0,0,0,""
4,2701744,"s_and_b32 s8, s44, 3",0,0,0,0,""
4,2701748,"s_cmp_eq_u32 s8, 0",0,0,0,0,""
4,2701752,"s_cbranch_scc0 7",0,0,0,0,""
4,2701756,"s_branch 43",0,0,0,0,""
4,2701760,"s_mov_b32 s37, s36",0,0,0,0,""
4,2701764,"v_mov_b64_e32 v[0:1], s[36:37]",0,0,0,0,""
4,2701768,"v_mov_b32_e32 v2, v28",0,0,0,0,""
4,2701772,"s_and_b32 s8, s44, 3",0,0,0,0,""
4,2701776,"s_cmp_eq_u32 s8, 0",0,0,0,0,""
4,2701780,"s_cbranch_scc1 37",0,0,0,0,""
4,2701784,"s_lshl_b32 s4, s36, 3",0,0,0,0,""
4,2701788,"s_add_u32 s4, s4, s0",0,0,0,0,""
4,2701792,"s_addc_u32 s5, s1, 0",0,0,0,0,""
4,2701796,"s_add_u32 s4, s4, 0xc4",0,0,0,0,""
4,2701804,"s_addc_u32 s5, s5, 0",0,0,0,0,""
4,2701808,"s_mul_i32 s6, s36, 12",0,0,0,0,""
4,2701812,"s_add_u32 s6, s0, s6",0,0,0,0,""
4,2701816,"s_addc_u32 s7, s1, 0",0,0,0,0,""
4,2701820,"s_load_dwordx2 s[10:11], s[6:7], 0x4",0,0,0,0,""
4,2701828,"s_load_dword s9, s[6:7], 0xc",0,0,0,0,""
4,2701836,"s_load_dwordx2 s[12:13], s[4:5], 0x0",0,0,0,0,""
4,2701844,"v_mov_b32_e32 v4, v1",0,0,0,0,""
4,2701848,"s_add_u32 s6, s6, 12",0,0,0,0,""
4,2701852,"s_waitcnt lgkmcnt(0)",0,0,0,0,""
4,2701856,"v_mul_hi_u32 v1, s11, v2",0,0,0,0,""
4,2701864,"v_add_u32_e32 v1, v2, v1",0,0,0,0,""
4,2701868,"v_lshrrev_b32_e32 v1, s9, v1",0,0,0,0,""
4,2701872,"s_addc_u32 s7, s7, 0",0,0,0,0,""
4,2701876,"v_mul_lo_u32 v3, v1, s10",0,0,0,0,""
4,2701884,"s_add_u32 s4, s4, 8",0,0,0,0,""
4,2701888,"v_sub_u32_e32 v3, v2, v3",0,0,0,0,""
4,2701892,"s_addc_u32 s5, s5, 0",0,0,0,0,""
4,2701896,"s_add_i32 s8, s8, -1",0,0,0,0,""
4,2701900,"v_mov_b32_e32 v2, v1",0,0,0,0,""
4,2701904,"v_mad_u64_u32 v[4:5], s[10:11], v3, s13, v[4:5]",0,0,0,0,""
4,2701912,"v_mad_u64_u32 v[0:1], s[10:11], v3, s12, v[0:1]",0,0,0,0,""
4,2701920,"s_cmp_lg_u32 s8, 0",0,0,0,0,""
4,2701924,"v_mov_b32_e32 v1, v4",0,0,0,0,""
4,2701928,"s_cbranch_scc1 65508",0,0,0,0,""
4,2701932,"v_mov_b32_e32 v3, 0",0,0,0,0,""
4,2701936,"v_mov_b32_e32 v2, v0",0,0,0,0,""
4,2701940,"v_mov_b32_e32 v0, v1",0,0,0,0,""
4,2701944,"v_mov_b32_e32 v1, v3",0,0,0,0,""
4,2701948,"s_waitcnt lgkmcnt(0)",0,0,0,0,""
4,2701952,"v_lshl_add_u64 v[0:1], s[22:23], 0, v[0:1]",0,0,0,0,""
4,2701960,"global_load_ushort v4, v[0:1], off",0,0,0,0,""
4,2701968,"v_lshl_add_u64 v[0:1], s[20:21], 0, v[2:3]",0,0,0,0,""
4,2701976,"v_add_u32_e32 v28, 0x80, v28",0,0,0,0,""
4,2701984,"s_waitcnt vmcnt(0)",0,0,0,0,""
4,2701988,"global_store_short v[0:1], v4, off",0,0,0,0,""
4,2701996,"s_or_b64 exec, exec, s[34:35]",0,0,0,0,""
4,2702000,"v_cmp_gt_i32_e32 vcc, s42, v28",0,0,0,0,""
4,2702004,"s_and_saveexec_b64 s[34:35], vcc",0,0,0,0,""
4,2702008,"s_cbranch_execz 64643",0,0,0,0,""
4,2702012,"v_mov_b64_e32 v[2:3], 0",0,0,0,0,""
4,2702016,"s_andn2_b64 vcc, exec, s[28:29]",0,0,0,0,""
4,2702020,"v_mov_b64_e32 v[0:1], v[2:3]",0,0,0,0,""
4,2702024,"s_cbranch_vccnz 128",0,0,0,0,""
4,2702028,"s_add_i32 s44, s43, 1",0,0,0,0,""
4,2702032,"s_mov_b32 s36, 0",0,0,0,0,""
4,2702036,"s_cmp_lt_u32 s33, 4",0,0,0,0,""
4,2702040,"s_cbranch_scc1 77",0,0,0,0,""
4,2702044,"s_and_b32 s36, s44, 28",0,0,0,0,""
4,2702048,"s_mov_b32 s37, 0",0,0,0,0,""
4,2702052,"v_mov_b32_e32 v0, 0",0,0,0,0,""
4,2702056,"s_mov_b64 s[38:39], s[0:1]",0,0,0,0,""
4,2702060,"s_mov_b64 s[40:41], s[30:31]",0,0,0,0,""
4,2702064,"v_mov_b32_e32 v2, v28",0,0,0,0,""
4,2702068,"v_mov_b32_e32 v1, 0",0,0,0,0,""
4,2702072,"s_load_dwordx8 s[12:19], s[38:39], 0x4",0,0,0,0,""
4,2702080,"s_load_dwordx4 s[24:27], s[38:39], 0x24",0,0,0,0,""
4,2702088,"s_load_dwordx8 s[4:11], s[40:41], 0x0",0,0,0,0,""
4,2702096,"s_add_u32 s38, s38, 48",0,0,0,0,""
4,2702100,"s_addc_u32 s39, s39, 0",0,0,0,0,""
4,2702104,"s_waitcnt lgkmcnt(0)",0,0,0,0,""
4,2702108,"v_mul_hi_u32 v3, s13, v2",0,0,0,0,""
4,2702116,"v_add_u32_e32 v3, v2, v3",0,0,0,0,""
4,2702120,"v_lshrrev_b32_e32 v3, s14, v3",0,0,0,0,""
4,2702124,"v_mul_lo_u32 v4, v3, s12",0,0,0,0,""
4,2702132,"v_mul_hi_u32 v5, s16, v3",0,0,0,0,""
4,2702140,"v_sub_u32_e32 v2, v2, v4",0,0,0,0,""
4,2702144,"v_add_u32_e32 v4, v3, v5",0,0,0,0,""
4,2702148,"v_lshrrev_b32_e32 v4, s17, v4",0,0,0,0,""
4,2702152,"v_mul_lo_u32 v6, v4, s15",0,0,0,0,""
4,2702160,"v_mul_hi_u32 v7, s19, v4",0,0,0,0,""
4,2702168,"v_sub_u32_e32 v3, v3, v6",0,0,0,0,""
4,2702172,"v_add_u32_e32 v6, v4, v7",0,0,0,0,""
4,2702176,"v_mul_lo_u32 v5, v2, s5",0,0,0,0,""
4,2702184,"v_mul_lo_u32 v2, v2, s4",0,0,0,0,""
4,2702192,"v_mul_lo_u32 v7, v3, s7",0,0,0,0,""
4,2702200,"v_mul_lo_u32 v3, v3, s6",0,0,0,0,""
4,2702208,"v_lshrrev_b32_e32 v6, s24, v6",0,0,0,0,""
4,2702212,"v_add3_u32 v0, v2, v0, v3",0,0,0,0,""
4,2702220,"v_mul_lo_u32 v2, v6, s18",0,0,0,0,""
4,2702228,"v_mul_hi_u32 v3, s26, v6",0,0,0,0,""
4,2702236,"v_sub_u32_e32 v2, v4, v2",0,0,0,0,""
4,2702240,"v_add_u32_e32 v3, v6, v3",0,0,0,0,""
4,2702244,"v_add3_u32 v1, v5, v1, v7",0,0,0,0,""
4,2702252,"v_mul_lo_u32 v4, v2, s8",0,0,0,0,""
4,2702260,"v_mul_lo_u32 v5, v2, s9",0,0,0,0,""
4,2702268,"v_lshrrev_b32_e32 v2, s27, v3",0,0,0,0,""
4,2702272,"s_add_i32 s37, s37, 4",0,0,0,0,""
4,2702276,"v_mul_lo_u32 v3, v2, s25",0,0,0,0,""
4,2702284,"s_add_u32 s40, s40, 32",0,0,0,0,""
4,2702288,"v_sub_u32_e32 v3, v6, v3",0,0,0,0,""
4,2702292,"s_addc_u32 s41, s41, 0",0,0,0,0,""
4,2702296,"v_mul_lo_u32 v6, v3, s10",0,0,0,0,""
4,2702304,"v_mul_lo_u32 v3, v3, s11",0,0,0,0,""
4,2702312,"s_cmp_lg_u32 s36, s37",0,0,0,0,""
4,2702316,"v_add3_u32 v1, v5, v1, v3",0,0,0,0,""
4,2702324,"v_add3_u32 v0, v4, v0, v6",0,0,0,0,""
4,2702332,"s_cbranch_scc1 65470",0,0,0,0,""
4,2702336,"s_and_b32 s8, s44, 3",0,0,0,0,""
4,2702340,"s_cmp_eq_u32 s8, 0",0,0,0,0,""
4,2702344,"s_cbranch_scc0 7",0,0,0,0,""
4,2702348,"s_branch 43",0,0,0,0,""
4,2702352,"s_mov_b32 s37, s36",0,0,0,0,""
4,2702356,"v_mov_b64_e32 v[0:1], s[36:37]",0,0,0,0,""
4,2702360,"v_mov_b32_e32 v2, v28",0,0,0,0,""
4,2702364,"s_and_b32 s8, s44, 3",0,0,0,0,""
4,2702368,"s_cmp_eq_u32 s8, 0",0,0,0,0,""
4,2702372,"s_cbranch_scc1 37",0,0,0,0,""
4,2702376,"s_lshl_b32 s4, s36, 3",0,0,0,0,""
4,2702380,"s_add_u32 s4, s4, s0",0,0,0,0,""
4,2702384,"s_addc_u32 s5, s1, 0",0,0,0,0,""
4,2702388,"s_add_u32 s4, s4, 0xc4",0,0,0,0,""
4,2702396,"s_addc_u32 s5, s5, 0",0,0,0,0,""
4,2702400,"s_mul_i32 s6, s36, 12",0,0,0,0,""
4,2702404,"s_add_u32 s6, s0, s6",0,0,0,0,""
4,2702408,"s_addc_u32 s7, s1, 0",0,0,0,0,""
4,2702412,"s_load_dwordx2 s[10:11], s[6:7], 0x4",0,0,0,0,""
4,2702420,"s_load_dword s9, s[6:7], 0xc",0,0,0,0,""
4,2702428,"s_load_dwordx2 s[12:13], s[4:5], 0x0",0,0,0,0,""
4,2702436,"v_mov_b32_e32 v4, v1",0,0,0,0,""
4,2702440,"s_add_u32 s6, s6, 12",0,0,0,0,""
4,2702444,"s_waitcnt lgkmcnt(0)",0,0,0,0,""
4,2702448,"v_mul_hi_u32 v1, s11, v2",0,0,0,0,""
4,2702456,"v_add_u32_e32 v1, v2, v1",0,0,0,0,""
4,2702460,"v_lshrrev_b32_e32 v1, s9, v1",0,0,0,0,""
4,2702464,"s_addc_u32 s7, s7, 0",0,0,0,0,""
4,2702468,"v_mul_lo_u32 v3, v1, s10",0,0,0,0,""
4,2702476,"s_add_u32 s4, s4, 8",0,0,0,0,""
4,2702480,"v_sub_u32_e32 v3, v2, v3",0,0,0,0,""
4,2702484,"s_addc_u32 s5, s5, 0",0,0,0,0,""
4,2702488,"s_add_i32 s8, s8, -1",0,0,0,0,""
4,2702492,"v_mov_b32_e32 v2, v1",0,0,0,0,""
4,2702496,"v_mad_u64_u32 v[4:5], s[10:11], v3, s13, v[4:5]",0,0,0,0,""
4,2702504,"v_mad_u64_u32 v[0:1], s[10:11], v3, s12, v[0:1]",0,0,0,0,""
4,2702512,"s_cmp_lg_u32 s8, 0",0,0,0,0,""
4,2702516,"v_mov_b32_e32 v1, v4",0,0,0,0,""
4,2702520,"s_cbranch_scc1 65508",0,0,0,0,""
4,2702524,"v_mov_b32_e32 v3, 0",0,0,0,0,""
4,2702528,"v_mov_b32_e32 v2, v0",0,0,0,0,""
4,2702532,"v_mov_b32_e32 v0, v1",0,0,0,0,""
4,2702536,"v_mov_b32_e32 v1, v3",0,0,0,0,""
4,2702540,"s_waitcnt lgkmcnt(0)",0,0,0,0,""
4,2702544,"v_lshl_add_u64 v[0:1], s[22:23], 0, v[0:1]",0,0,0,0,""
4,2702552,"global_load_ushort v4, v[0:1], off",0,0,0,0,""
4,2702560,"v_lshl_add_u64 v[0:1], s[20:21], 0, v[2:3]",0,0,0,0,""
4,2702568,"v_add_u32_e32 v28, 0x80, v28",0,0,0,0,""
4,2702576,"s_waitcnt vmcnt(0)",0,0,0,0,""
4,2702580,"global_store_short v[0:1], v4, off",0,0,0,0,""
4,2702588,"s_or_b64 exec, exec, s[34:35]",0,0,0,0,""
4,2702592,"v_cmp_gt_i32_e32 vcc, s42, v28",0,0,0,0,""
4,2702596,"s_and_saveexec_b64 s[34:35], vcc",0,0,0,0,""
4,2702600,"s_cbranch_execz 139",0,0,0,0,""
4,2702604,"v_mov_b64_e32 v[2:3], 0",0,0,0,0,""
4,2702608,"s_andn2_b64 vcc, exec, s[28:29]",0,0,0,0,""
4,2702612,"v_mov_b64_e32 v[0:1], v[2:3]",0,0,0,0,""
4,2702616,"s_cbranch_vccnz 125",0,0,0,0,""
4,2702620,"s_add_i32 s43, s43, 1",0,0,0,0,""
4,2702624,"s_mov_b32 s36, 0",0,0,0,0,""
4,2702628,"s_cmp_lt_u32 s33, 4",0,0,0,0,""
4,2702632,"s_cbranch_scc1 75",0,0,0,0,""
4,2702636,"s_and_b32 s36, s43, 28",0,0,0,0,""
4,2702640,"s_mov_b32 s37, 0",0,0,0,0,""
4,2702644,"v_mov_b32_e32 v0, 0",0,0,0,0,""
4,2702648,"s_mov_b64 s[38:39], s[0:1]",0,0,0,0,""
4,2702652,"v_mov_b32_e32 v1, 0",0,0,0,0,""
4,2702656,"s_load_dwordx8 s[12:19], s[38:39], 0x4",0,0,0,0,""
4,2702664,"s_load_dwordx4 s[24:27], s[38:39], 0x24",0,0,0,0,""
4,2702672,"s_load_dwordx8 s[4:11], s[30:31], 0x0",0,0,0,0,""
4,2702680,"s_add_u32 s38, s38, 48",0,0,0,0,""
4,2702684,"s_addc_u32 s39, s39, 0",0,0,0,0,""
4,2702688,"s_waitcnt lgkmcnt(0)",0,0,0,0,""
4,2702692,"v_mul_hi_u32 v2, s13, v28",0,0,0,0,""
4,2702700,"v_add_u32_e32 v2, v28, v2",0,0,0,0,""
4,2702704,"v_lshrrev_b32_e32 v2, s14, v2",0,0,0,0,""
4,2702708,"v_mul_hi_u32 v4, s16, v2",0,0,0,0,""
4,2702716,"v_add_u32_e32 v4, v2, v4",0,0,0,0,""
4,2702720,"v_lshrrev_b32_e32 v4, s17, v4",0,0,0,0,""
4,2702724,"v_mul_lo_u32 v3, v2, s12",0,0,0,0,""
4,2702732,"v_mul_lo_u32 v6, v4, s15",0,0,0,0,""
4,2702740,"v_mul_hi_u32 v7, s19, v4",0,0,0,0,""
4,2702748,"v_sub_u32_e32 v3, v28, v3",0,0,0,0,""
4,2702752,"v_sub_u32_e32 v2, v2, v6",0,0,0,0,""
4,2702756,"v_add_u32_e32 v6, v4, v7",0,0,0,0,""
4,2702760,"v_mul_lo_u32 v5, v3, s5",0,0,0,0,""
4,2702768,"v_mul_lo_u32 v3, v3, s4",0,0,0,0,""
4,2702776,"v_mul_lo_u32 v7, v2, s7",0,0,0,0,""
4,2702784,"v_mul_lo_u32 v2, v2, s6",0,0,0,0,""
4,2702792,"v_lshrrev_b32_e32 v6, s24, v6",0,0,0,0,""
4,2702796,"v_add3_u32 v0, v3, v0, v2",0,0,0,0,""
4,2702804,"v_mul_hi_u32 v3, s26, v6",0,0,0,0,""
4,2702812,"v_add_u32_e32 v3, v6, v3",0,0,0,0,""
4,2702816,"v_lshrrev_b32_e32 v28, s27, v3",0,0,0,0,""
4,2702820,"s_add_i32 s37, s37, 4",0,0,0,0,""
4,2702824,"v_mul_lo_u32 v2, v6, s18",0,0,0,0,""
4,2702832,"v_mul_lo_u32 v3, v28, s25",0,0,0,0,""
4,2702840,"s_add_u32 s30, s30, 32",0,0,0,0,""
4,2702844,"v_sub_u32_e32 v2, v4, v2",0,0,0,0,""
4,2702848,"v_sub_u32_e32 v3, v6, v3",0,0,0,0,""
4,2702852,"s_addc_u32 s31, s31, 0",0,0,0,0,""
4,2702856,"v_add3_u32 v1, v5, v1, v7",0,0,0,0,""
4,2702864,"v_mul_lo_u32 v4, v2, s8",0,0,0,0,""
4,2702872,"v_mul_lo_u32 v2, v2, s9",0,0,0,0,""
4,2702880,"v_mul_lo_u32 v5, v3, s10",0,0,0,0,""
4,2702888,"v_mul_lo_u32 v3, v3, s11",0,0,0,0,""
4,2702896,"s_cmp_lg_u32 s36, s37",0,0,0,0,""
4,2702900,"v_add3_u32 v1, v2, v1, v3",0,0,0,0,""
4,2702908,"v_add3_u32 v0, v4, v0, v5",0,0,0,0,""
4,2702916,"s_cbranch_scc1 65470",0,0,0,0,""
4,2702920,"s_and_b32 s8, s43, 3",0,0,0,0,""
4,2702924,"s_cmp_eq_u32 s8, 0",0,0,0,0,""
4,2702928,"s_cbranch_scc0 6",0,0,0,0,""
4,2702932,"s_branch 42",0,0,0,0,""
4,2702936,"s_mov_b32 s37, s36",0,0,0,0,""
4,2702940,"v_mov_b64_e32 v[0:1], s[36:37]",0,0,0,0,""
4,2702944,"s_and_b32 s8, s43, 3",0,0,0,0,""
4,2702948,"s_cmp_eq_u32 s8, 0",0,0,0,0,""
4,2702952,"s_cbranch_scc1 37",0,0,0,0,""
4,2702956,"s_lshl_b32 s4, s36, 3",0,0,0,0,""
4,2702960,"s_add_u32 s4, s4, s0",0,0,0,0,""
4,2702964,"s_addc_u32 s5, s1, 0",0,0,0,0,""
4,2702968,"s_add_u32 s4, s4, 0xc4",0,0,0,0,""
4,2702976,"s_addc_u32 s5, s5, 0",0,0,0,0,""
4,2702980,"s_mul_i32 s6, s36, 12",0,0,0,0,""
4,2702984,"s_add_u32 s6, s0, s6",0,0,0,0,""
4,2702988,"s_addc_u32 s7, s1, 0",0,0,0,0,""
4,2702992,"s_load_dwordx2 s[10:11], s[6:7], 0x4",0,0,0,0,""
4,2703000,"s_load_dword s9, s[6:7], 0xc",0,0,0,0,""
4,2703008,"s_load_dwordx2 s[12:13], s[4:5], 0x0",0,0,0,0,""
4,2703016,"v_mov_b32_e32 v2, v1",0,0,0,0,""
4,2703020,"s_add_u32 s6, s6, 12",0,0,0,0,""
4,2703024,"s_waitcnt lgkmcnt(0)",0,0,0,0,""
4,2703028,"v_mul_hi_u32 v1, s11, v28",0,0,0,0,""
4,2703036,"v_add_u32_e32 v1, v28, v1",0,0,0,0,""
4,2703040,"v_lshrrev_b32_e32 v1, s9, v1",0,0,0,0,""
4,2703044,"s_addc_u32 s7, s7, 0",0,0,0,0,""
4,2703048,"v_mul_lo_u32 v3, v1, s10",0,0,0,0,""
4,2703056,"s_add_u32 s4, s4, 8",0,0,0,0,""
4,2703060,"v_sub_u32_e32 v4, v28, v3",0,0,0,0,""
4,2703064,"s_addc_u32 s5, s5, 0",0,0,0,0,""
4,2703068,"s_add_i32 s8, s8, -1",0,0,0,0,""
4,2703072,"v_mov_b32_e32 v28, v1",0,0,0,0,""
4,2703076,"v_mad_u64_u32 v[2:3], s[10:11], v4, s13, v[2:3]",0,0,0,0,""
4,2703084,"v_mad_u64_u32 v[0:1], s[10:11], v4, s12, v[0:1]",0,0,0,0,""
4,2703092,"s_cmp_lg_u32 s8, 0",0,0,0,0,""
4,2703096,"v_mov_b32_e32 v1, v2",0,0,0,0,""
4,2703100,"s_cbranch_scc1 65508",0,0,0,0,""
4,2703104,"v_mov_b32_e32 v3, 0",0,0,0,0,""
4,2703108,"v_mov_b32_e32 v2, v0",0,0,0,0,""
4,2703112,"v_mov_b32_e32 v0, v1",0,0,0,0,""
4,2703116,"v_mov_b32_e32 v1, v3",0,0,0,0,""
4,2703120,"s_waitcnt lgkmcnt(0)",0,0,0,0,""
4,2703124,"v_lshl_add_u64 v[0:1], s[22:23], 0, v[0:1]",0,0,0,0,""
4,2703132,"global_load_ushort v4, v[0:1], off",0,0,0,0,""
4,2703140,"v_lshl_add_u64 v[0:1], s[20:21], 0, v[2:3]",0,0,0,0,""
4,2703148,"s_waitcnt vmcnt(0)",0,0,0,0,""
4,2703152,"global_store_short v[0:1], v4, off",0,0,0,0,""
4,2703160,"s_or_b64 exec, exec, s[34:35]",0,0,0,0,""
4,2703164,"s_andn2_saveexec_b64 s[2:3], s[2:3]",514,2476,420,21936,""
4,2703168,"s_cbranch_execz 94",514,2128,72,6352,""
4,2703172,"v_cndmask_b32_e64 v0, 0, 1, s[28:29]",514,4364,2304,0,""
4,2703180,"v_cmp_ne_u32_e64 s[2:3], 1, v0",514,3484,1428,0,""
4,2703188,"v_mov_b64_e32 v[0:1], 0",514,2888,832,0,""
4,2703192,"s_andn2_b64 vcc, exec, s[28:29]",514,3388,1332,5636,""
4,2703196,"v_mov_b64_e32 v[2:3], v[0:1]",514,3360,1304,0,""
4,2703200,"s_cbranch_vccnz 134",514,2072,16,0,""
4,2703204,"s_add_i32 s4, s33, -1",514,2884,828,0,""
4,2703208,"s_min_u32 s30, s4, 15",514,2224,168,0,""
4,2703212,"s_add_i32 s30, s30, 1",514,2264,208,0,""
4,2703216,"s_mov_b32 s24, 0",514,2268,212,0,""
4,2703220,"s_cmp_lt_u32 s33, 4",514,2252,196,0,""
4,2703224,"s_cbranch_scc1 81",514,2060,4,2056,""
4,2703228,"s_add_u32 s26, s0, 0xc4",0,0,0,0,""
4,2703236,"s_addc_u32 s27, s1, 0",0,0,0,0,""
4,2703240,"s_and_b32 s24, s30, 28",0,0,0,0,""
4,2703244,"s_mov_b32 s25, 0",0,0,0,0,""
4,2703248,"v_mov_b32_e32 v2, 0",0,0,0,0,""
4,2703252,"s_mov_b64 s[28:29], s[0:1]",0,0,0,0,""
4,2703256,"v_mov_b32_e32 v0, v28",0,0,0,0,""
4,2703260,"v_mov_b32_e32 v3, 0",0,0,0,0,""
4,2703264,"s_load_dwordx8 s[12:19], s[28:29], 0x4",0,0,0,0,""
4,2703272,"s_waitcnt lgkmcnt(0)",0,0,0,0,""
4,2703276,"s_load_dwordx4 s[20:23], s[28:29], 0x24",0,0,0,0,""
4,2703284,"s_load_dwordx8 s[4:11], s[26:27], 0x0",0,0,0,0,""
4,2703292,"s_add_u32 s28, s28, 48",0,0,0,0,""
4,2703296,"s_addc_u32 s29, s29, 0",0,0,0,0,""
4,2703300,"v_mul_hi_u32 v1, s13, v0",0,0,0,0,""
4,2703308,"v_add_u32_e32 v1, v0, v1",0,0,0,0,""
4,2703312,"v_lshrrev_b32_e32 v1, s14, v1",0,0,0,0,""
4,2703316,"v_mul_lo_u32 v4, v1, s12",0,0,0,0,""
4,2703324,"v_mul_hi_u32 v5, s16, v1",0,0,0,0,""
4,2703332,"v_sub_u32_e32 v0, v0, v4",0,0,0,0,""
4,2703336,"v_add_u32_e32 v4, v1, v5",0,0,0,0,""
4,2703340,"v_lshrrev_b32_e32 v4, s17, v4",0,0,0,0,""
4,2703344,"v_mul_lo_u32 v6, v4, s15",0,0,0,0,""
4,2703352,"v_mul_hi_u32 v7, s19, v4",0,0,0,0,""
4,2703360,"v_sub_u32_e32 v1, v1, v6",0,0,0,0,""
4,2703364,"v_add_u32_e32 v6, v4, v7",0,0,0,0,""
4,2703368,"s_waitcnt lgkmcnt(0)",0,0,0,0,""
4,2703372,"v_mul_lo_u32 v5, v0, s5",0,0,0,0,""
4,2703380,"v_mul_lo_u32 v0, v0, s4",0,0,0,0,""
4,2703388,"v_mul_lo_u32 v7, v1, s7",0,0,0,0,""
4,2703396,"v_mul_lo_u32 v1, v1, s6",0,0,0,0,""
4,2703404,"v_lshrrev_b32_e32 v6, s20, v6",0,0,0,0,""
4,2703408,"v_add3_u32 v1, v0, v2, v1",0,0,0,0,""
4,2703416,"v_add3_u32 v2, v5, v3, v7",0,0,0,0,""
4,2703424,"v_mul_lo_u32 v0, v6, s18",0,0,0,0,""
4,2703432,"v_mul_hi_u32 v3, s22, v6",0,0,0,0,""
4,2703440,"v_sub_u32_e32 v0, v4, v0",0,0,0,0,""
4,2703444,"v_add_u32_e32 v3, v6, v3",0,0,0,0,""
4,2703448,"v_mul_lo_u32 v4, v0, s8",0,0,0,0,""
4,2703456,"v_mul_lo_u32 v5, v0, s9",0,0,0,0,""
4,2703464,"v_lshrrev_b32_e32 v0, s23, v3",0,0,0,0,""
4,2703468,"s_add_i32 s25, s25, 4",0,0,0,0,""
4,2703472,"v_mul_lo_u32 v3, v0, s21",0,0,0,0,""
4,2703480,"s_add_u32 s26, s26, 32",0,0,0,0,""
4,2703484,"v_sub_u32_e32 v3, v6, v3",0,0,0,0,""
4,2703488,"s_addc_u32 s27, s27, 0",0,0,0,0,""
4,2703492,"v_mul_lo_u32 v6, v3, s10",0,0,0,0,""
4,2703500,"v_mul_lo_u32 v3, v3, s11",0,0,0,0,""
4,2703508,"s_cmp_lg_u32 s24, s25",0,0,0,0,""
4,2703512,"v_add3_u32 v3, v5, v2, v3",0,0,0,0,""
4,2703520,"v_add3_u32 v2, v4, v1, v6",0,0,0,0,""
4,2703528,"s_cbranch_scc1 65469",0,0,0,0,""
4,2703532,"s_and_b32 s8, s30, 3",0,0,0,0,""
4,2703536,"s_cmp_eq_u32 s8, 0",0,0,0,0,""
4,2703540,"s_cbranch_scc0 8",0,0,0,0,""
4,2703544,"s_branch 44",0,0,0,0,""
4,2703548,"s_endpgm",0,0,0,0,""
4,2703552,"s_mov_b32 s25, s24",514,5068,3012,30168,""
4,2703556,"v_mov_b64_e32 v[2:3], s[24:25]",514,3060,1004,0,""
4,2703560,"v_mov_b32_e32 v0, v28",514,2540,484,0,""
4,2703564,"s_and_b32 s8, s30, 3",514,3748,1692,0,""
4,2703568,"s_cmp_eq_u32 s8, 0",514,2340,280,0,""
4,2703572,"s_cbranch_scc1 37",514,2056,0,2052,""
4,2703576,"s_lshl_b32 s4, s24, 3",514,2424,368,0,""
4,2703580,"s_add_u32 s4, s4, s0",514,2164,104,0,""
4,2703584,"s_addc_u32 s5, 0, s1",514,2608,552,3952,""
4,2703588,"s_add_u32 s4, s4, 0xc4",514,2252,196,0,""
4,2703596,"s_addc_u32 s5, s5, 0",514,2544,488,0,""
4,2703600,"s_mul_i32 s6, s24, 12",514,2328,272,0,""
4,2703604,"s_add_u32 s6, s0, s6",514,2236,180,0,""
4,2703608,"s_addc_u32 s7, 0, s1",514,2440,384,0,""
4,2703612,"s_load_dwordx2 s[10:11], s[6:7], 0x4",1028,8244,4132,17436,""
4,2703620,"s_load_dword s9, s[6:7], 0xc",1028,4120,8,0,""
4,2703628,"s_load_dwordx2 s[12:13], s[4:5], 0x0",1028,4116,4,0,""
4,2703636,"s_add_u32 s6, s6, 12",1028,10300,6184,0,""
4,2703640,"v_mov_b32_e32 v4, v3",1028,6040,1912,0,""
4,2703644,"s_waitcnt lgkmcnt(0)",1028,36552,36552,0,""
4,2703648,"v_mul_hi_u32 v1, s11, v0",1028,9192,5076,0,""
4,2703656,"v_add_u32_e32 v1, v0, v1",1028,5956,1844,0,""
4,2703660,"v_lshrrev_b32_e32 v1, s9, v1",1028,5852,1740,0,""
4,2703664,"s_addc_u32 s7, s7, 0",1028,9344,5228,0,""
4,2703668,"v_mul_lo_u32 v3, v1, s10",1028,7048,2936,0,""
4,2703676,"s_add_u32 s4, s4, 8",1028,9836,5716,0,""
4,2703680,"v_sub_u32_e32 v3, v0, v3",1028,5604,1492,0,""
4,2703684,"s_addc_u32 s5, s5, 0",1028,16356,12244,0,""
4,2703688,"s_add_i32 s8, s8, -1",1028,6836,2720,0,""
4,2703692,"v_mad_u64_u32 v[4:5], s[10:11], v3, s13, v[4:5]",1028,7080,2968,0,""
4,2703700,"v_mad_u64_u32 v[2:3], s[10:11], v3, s12, v[2:3]",1028,5696,1584,0,""
4,2703708,"s_cmp_lg_u32 s8, 0",1028,12564,8452,16448,""
4,2703712,"v_mov_b32_e32 v0, v1",1028,6200,2088,0,""
4,2703716,"v_mov_b32_e32 v3, v4",1028,5336,1224,0,""
4,2703720,"s_cbranch_scc1 65508",1028,4140,28,0,""
4,2703724,"v_mov_b32_e32 v1, 0",514,2828,772,0,""
4,2703728,"v_mov_b32_e32 v0, v2",514,2520,464,0,""
4,2703732,"v_mov_b32_e32 v2, v3",514,2296,240,0,""
4,2703736,"v_mov_b32_e32 v3, v1",514,2468,412,0,""
4,2703740,"v_mov_b64_e32 v[4:5], 0",514,2664,608,0,""
4,2703744,"s_and_b64 vcc, exec, s[2:3]",514,4896,2840,0,""
4,2703748,"v_mov_b64_e32 v[6:7], v[4:5]",514,2820,764,0,""
4,2703752,"s_cbranch_vccnz 133",514,2116,60,0,""
4,2703756,"s_add_i32 s4, s33, -1",514,3392,1336,0,""
4,2703760,"s_min_u32 s30, s4, 15",514,3220,1164,0,""
4,2703764,"s_add_i32 s30, s30, 1",514,2360,304,0,""
4,2703768,"v_add_u32_e32 v4, 0x80, v28",514,2404,348,0,""
4,2703776,"s_mov_b32 s24, 0",514,4356,2300,40,""
4,2703780,"s_cmp_lt_u32 s33, 4",514,2668,612,0,""
4,2703784,"s_cbranch_scc1 79",514,2064,8,2056,""
4,2703788,"s_add_u32 s26, s0, 0xc4",0,0,0,0,""
4,2703796,"s_addc_u32 s27, s1, 0",0,0,0,0,""
4,2703800,"s_and_b32 s24, s30, 28",0,0,0,0,""
4,2703804,"s_mov_b32 s25, 0",0,0,0,0,""
4,2703808,"v_mov_b32_e32 v6, 0",0,0,0,0,""
4,2703812,"s_mov_b64 s[28:29], s[0:1]",0,0,0,0,""
4,2703816,"v_mov_b32_e32 v7, 0",0,0,0,0,""
4,2703820,"s_load_dwordx8 s[12:19], s[28:29], 0x4",0,0,0,0,""
4,2703828,"s_waitcnt lgkmcnt(0)",0,0,0,0,""
4,2703832,"s_load_dwordx4 s[20:23], s[28:29], 0x24",0,0,0,0,""
4,2703840,"s_load_dwordx8 s[4:11], s[26:27], 0x0",0,0,0,0,""
4,2703848,"s_add_u32 s28, s28, 48",0,0,0,0,""
4,2703852,"s_addc_u32 s29, s29, 0",0,0,0,0,""
4,2703856,"v_mul_hi_u32 v5, s13, v4",0,0,0,0,""
4,2703864,"v_add_u32_e32 v5, v4, v5",0,0,0,0,""
4,2703868,"v_lshrrev_b32_e32 v5, s14, v5",0,0,0,0,""
4,2703872,"v_mul_lo_u32 v8, v5, s12",0,0,0,0,""
4,2703880,"v_mul_hi_u32 v9, s16, v5",0,0,0,0,""
4,2703888,"v_sub_u32_e32 v4, v4, v8",0,0,0,0,""
4,2703892,"v_add_u32_e32 v8, v5, v9",0,0,0,0,""
4,2703896,"v_lshrrev_b32_e32 v8, s17, v8",0,0,0,0,""
4,2703900,"v_mul_lo_u32 v10, v8, s15",0,0,0,0,""
4,2703908,"v_mul_hi_u32 v11, s19, v8",0,0,0,0,""
4,2703916,"v_sub_u32_e32 v5, v5, v10",0,0,0,0,""
4,2703920,"v_add_u32_e32 v10, v8, v11",0,0,0,0,""
4,2703924,"s_waitcnt lgkmcnt(0)",0,0,0,0,""
4,2703928,"v_mul_lo_u32 v9, v4, s5",0,0,0,0,""
4,2703936,"v_mul_lo_u32 v4, v4, s4",0,0,0,0,""
4,2703944,"v_mul_lo_u32 v11, v5, s7",0,0,0,0,""
4,2703952,"v_mul_lo_u32 v5, v5, s6",0,0,0,0,""
4,2703960,"v_lshrrev_b32_e32 v10, s20, v10",0,0,0,0,""
4,2703964,"v_add3_u32 v5, v4, v6, v5",0,0,0,0,""
4,2703972,"v_add3_u32 v6, v9, v7, v11",0,0,0,0,""
4,2703980,"v_mul_lo_u32 v4, v10, s18",0,0,0,0,""
4,2703988,"v_mul_hi_u32 v7, s22, v10",0,0,0,0,""
4,2703996,"v_sub_u32_e32 v4, v8, v4",0,0,0,0,""
4,2704000,"v_add_u32_e32 v7, v10, v7",0,0,0,0,""
4,2704004,"v_mul_lo_u32 v8, v4, s8",0,0,0,0,""
4,2704012,"v_mul_lo_u32 v9, v4, s9",0,0,0,0,""
4,2704020,"v_lshrrev_b32_e32 v4, s23, v7",0,0,0,0,""
4,2704024,"s_add_i32 s25, s25, 4",0,0,0,0,""
4,2704028,"v_mul_lo_u32 v7, v4, s21",0,0,0,0,""
4,2704036,"s_add_u32 s26, s26, 32",0,0,0,0,""
4,2704040,"v_sub_u32_e32 v7, v10, v7",0,0,0,0,""
4,2704044,"s_addc_u32 s27, s27, 0",0,0,0,0,""
4,2704048,"v_mul_lo_u32 v10, v7, s10",0,0,0,0,""
4,2704056,"v_mul_lo_u32 v7, v7, s11",0,0,0,0,""
4,2704064,"s_cmp_lg_u32 s24, s25",0,0,0,0,""
4,2704068,"v_add3_u32 v7, v9, v6, v7",0,0,0,0,""
4,2704076,"v_add3_u32 v6, v8, v5, v10",0,0,0,0,""
4,2704084,"s_cbranch_scc1 65469",0,0,0,0,""
4,2704088,"s_and_b32 s8, s30, 3",0,0,0,0,""
4,2704092,"s_cmp_eq_u32 s8, 0",0,0,0,0,""
4,2704096,"s_cbranch_scc0 6",0,0,0,0,""
4,2704100,"s_branch 42",0,0,0,0,""
4,2704104,"s_mov_b32 s25, s24",514,3744,1688,8232,""
4,2704108,"v_mov_b64_e32 v[6:7], s[24:25]",514,3316,1260,0,""
4,2704112,"s_and_b32 s8, s30, 3",514,3812,1756,0,""
4,2704116,"s_cmp_eq_u32 s8, 0",514,3336,1272,0,""
4,2704120,"s_cbranch_scc1 37",514,2060,4,2048,""
4,2704124,"s_lshl_b32 s4, s24, 3",514,3496,1432,0,""
4,2704128,"s_add_u32 s4, s4, s0",514,2728,672,5956,""
4,2704132,"s_addc_u32 s5, 0, s1",514,2748,692,0,""
4,2704136,"s_add_u32 s4, s4, 0xc4",514,2672,616,0,""
4,2704144,"s_addc_u32 s5, s5, 0",514,2624,568,0,""
4,2704148,"s_mul_i32 s6, s24, 12",514,2572,516,0,""
4,2704152,"s_add_u32 s6, s0, s6",514,2416,360,0,""
4,2704156,"s_addc_u32 s7, 0, s1",514,2864,808,0,""
4,2704160,"s_load_dwordx2 s[10:11], s[6:7], 0x4",1028,6460,2348,8236,""
4,2704168,"s_load_dword s9, s[6:7], 0xc",1028,4112,0,0,""
4,2704176,"s_load_dwordx2 s[12:13], s[4:5], 0x0",1028,4112,0,0,""
4,2704184,"s_add_u32 s6, s6, 12",1028,6340,2224,0,""
4,2704188,"v_mov_b32_e32 v8, v7",1028,5396,1272,0,""
4,2704192,"s_waitcnt lgkmcnt(0)",1028,26788,26788,0,""
4,2704196,"v_mul_hi_u32 v5, s11, v4",1028,6172,2060,0,""
4,2704204,"v_add_u32_e32 v5, v4, v5",1028,5688,1576,0,""
4,2704208,"v_lshrrev_b32_e32 v5, s9, v5",1028,5712,1600,0,""
4,2704212,"s_addc_u32 s7, s7, 0",1028,6768,2652,0,""
4,2704216,"v_mul_lo_u32 v7, v5, s10",1028,5420,1308,0,""
4,2704224,"s_add_u32 s4, s4, 8",1028,5440,1328,0,""
4,2704228,"v_sub_u32_e32 v7, v4, v7",1028,5244,1132,0,""
4,2704232,"s_addc_u32 s5, s5, 0",1028,5232,1120,0,""
4,2704236,"s_add_i32 s8, s8, -1",1028,5428,1312,0,""
4,2704240,"v_mad_u64_u32 v[8:9], s[10:11], v7, s13, v[8:9]",1028,5832,1720,0,""
4,2704248,"v_mad_u64_u32 v[6:7], s[10:11], v7, s12, v[6:7]",1028,5596,1484,0,""
4,2704256,"s_cmp_lg_u32 s8, 0",1028,6728,2616,16448,""
4,2704260,"v_mov_b32_e32 v4, v5",1028,5496,1384,0,""
4,2704264,"v_mov_b32_e32 v7, v8",1028,5032,920,0,""
4,2704268,"s_cbranch_scc1 65508",1028,4128,16,0,""
4,2704272,"v_mov_b32_e32 v5, 0",514,2432,376,0,""
4,2704276,"v_mov_b32_e32 v4, v6",514,2308,252,0,""
4,2704280,"v_mov_b32_e32 v6, v7",514,2216,160,0,""
4,2704284,"v_mov_b32_e32 v7, v5",514,2248,192,0,""
4,2704288,"v_mov_b64_e32 v[8:9], 0",514,2556,500,12,""
4,2704292,"s_and_b64 vcc, exec, s[2:3]",514,3324,1268,0,""
4,2704296,"v_mov_b64_e32 v[10:11], v[8:9]",514,2700,644,0,""
4,2704300,"s_cbranch_vccnz 133",514,2096,40,0,""
4,2704304,"s_add_i32 s4, s33, -1",514,2828,772,0,""
4,2704308,"s_min_u32 s30, s4, 15",514,2400,344,0,""
4,2704312,"s_add_i32 s30, s30, 1",514,2680,624,0,""
4,2704316,"v_add_u32_e32 v8, 0x100, v28",514,2408,352,1812,""
4,2704324,"s_mov_b32 s24, 0",514,2608,552,0,""
4,2704328,"s_cmp_lt_u32 s33, 4",514,2256,200,0,""
4,2704332,"s_cbranch_scc1 79",514,2060,4,2056,""
4,2704336,"s_add_u32 s26, s0, 0xc4",0,0,0,0,""
4,2704344,"s_addc_u32 s27, s1, 0",0,0,0,0,""
4,2704348,"s_and_b32 s24, s30, 28",0,0,0,0,""
4,2704352,"s_mov_b32 s25, 0",0,0,0,0,""
4,2704356,"v_mov_b32_e32 v10, 0",0,0,0,0,""
4,2704360,"s_mov_b64 s[28:29], s[0:1]",0,0,0,0,""
4,2704364,"v_mov_b32_e32 v11, 0",0,0,0,0,""
4,2704368,"s_load_dwordx8 s[12:19], s[28:29], 0x4",0,0,0,0,""
4,2704376,"s_waitcnt lgkmcnt(0)",0,0,0,0,""
4,2704380,"s_load_dwordx4 s[20:23], s[28:29], 0x24",0,0,0,0,""
4,2704388,"s_load_dwordx8 s[4:11], s[26:27], 0x0",0,0,0,0,""
4,2704396,"s_add_u32 s28, s28, 48",0,0,0,0,""
4,2704400,"s_addc_u32 s29, s29, 0",0,0,0,0,""
4,2704404,"v_mul_hi_u32 v9, s13, v8",0,0,0,0,""
4,2704412,"v_add_u32_e32 v9, v8, v9",0,0,0,0,""
4,2704416,"v_lshrrev_b32_e32 v9, s14, v9",0,0,0,0,""
4,2704420,"v_mul_lo_u32 v12, v9, s12",0,0,0,0,""
4,2704428,"v_mul_hi_u32 v13, s16, v9",0,0,0,0,""
4,2704436,"v_sub_u32_e32 v8, v8, v12",0,0,0,0,""
4,2704440,"v_add_u32_e32 v12, v9, v13",0,0,0,0,""
4,2704444,"v_lshrrev_b32_e32 v12, s17, v12",0,0,0,0,""
4,2704448,"v_mul_lo_u32 v14, v12, s15",0,0,0,0,""
4,2704456,"v_mul_hi_u32 v15, s19, v12",0,0,0,0,""
4,2704464,"v_sub_u32_e32 v9, v9, v14",0,0,0,0,""
4,2704468,"v_add_u32_e32 v14, v12, v15",0,0,0,0,""
4,2704472,"s_waitcnt lgkmcnt(0)",0,0,0,0,""
4,2704476,"v_mul_lo_u32 v13, v8, s5",0,0,0,0,""
4,2704484,"v_mul_lo_u32 v8, v8, s4",0,0,0,0,""
4,2704492,"v_mul_lo_u32 v15, v9, s7",0,0,0,0,""
4,2704500,"v_mul_lo_u32 v9, v9, s6",0,0,0,0,""
4,2704508,"v_lshrrev_b32_e32 v14, s20, v14",0,0,0,0,""
4,2704512,"v_add3_u32 v9, v8, v10, v9",0,0,0,0,""
4,2704520,"v_add3_u32 v10, v13, v11, v15",0,0,0,0,""
4,2704528,"v_mul_lo_u32 v8, v14, s18",0,0,0,0,""
4,2704536,"v_mul_hi_u32 v11, s22, v14",0,0,0,0,""
4,2704544,"v_sub_u32_e32 v8, v12, v8",0,0,0,0,""
4,2704548,"v_add_u32_e32 v11, v14, v11",0,0,0,0,""
4,2704552,"v_mul_lo_u32 v12, v8, s8",0,0,0,0,""
4,2704560,"v_mul_lo_u32 v13, v8, s9",0,0,0,0,""
4,2704568,"v_lshrrev_b32_e32 v8, s23, v11",0,0,0,0,""
4,2704572,"s_add_i32 s25, s25, 4",0,0,0,0,""
4,2704576,"v_mul_lo_u32 v11, v8, s21",0,0,0,0,""
4,2704584,"s_add_u32 s26, s26, 32",0,0,0,0,""
4,2704588,"v_sub_u32_e32 v11, v14, v11",0,0,0,0,""
4,2704592,"s_addc_u32 s27, s27, 0",0,0,0,0,""
4,2704596,"v_mul_lo_u32 v14, v11, s10",0,0,0,0,""
4,2704604,"v_mul_lo_u32 v11, v11, s11",0,0,0,0,""
4,2704612,"s_cmp_lg_u32 s24, s25",0,0,0,0,""
4,2704616,"v_add3_u32 v11, v13, v10, v11",0,0,0,0,""
4,2704624,"v_add3_u32 v10, v12, v9, v14",0,0,0,0,""
4,2704632,"s_cbranch_scc1 65469",0,0,0,0,""
4,2704636,"s_and_b32 s8, s30, 3",0,0,0,0,""
4,2704640,"s_cmp_eq_u32 s8, 0",0,0,0,0,""
4,2704644,"s_cbranch_scc0 6",0,0,0,0,""
4,2704648,"s_branch 42",0,0,0,0,""
4,2704652,"s_mov_b32 s25, s24",514,3172,1116,8232,""
4,2704656,"v_mov_b64_e32 v[10:11], s[24:25]",514,2524,468,0,""
4,2704660,"s_and_b32 s8, s30, 3",514,3044,984,0,""
4,2704664,"s_cmp_eq_u32 s8, 0",514,2664,600,0,""
4,2704668,"s_cbranch_scc1 37",514,2064,4,2048,""
4,2704672,"s_lshl_b32 s4, s24, 3",514,2520,464,8220,""
4,2704676,"s_add_u32 s4, s4, s0",514,2500,444,0,""
4,2704680,"s_addc_u32 s5, 0, s1",514,2472,416,0,""
4,2704684,"s_add_u32 s4, s4, 0xc4",514,2580,524,0,""
4,2704692,"s_addc_u32 s5, s5, 0",514,2252,196,0,""
4,2704696,"s_mul_i32 s6, s24, 12",514,2516,460,0,""
4,2704700,"s_add_u32 s6, s0, s6",514,2304,248,0,""
4,2704704,"s_addc_u32 s7, 0, s1",514,2316,260,0,""
4,2704708,"s_load_dwordx2 s[10:11], s[6:7], 0x4",1028,4976,864,8228,""
4,2704716,"s_load_dword s9, s[6:7], 0xc",1028,4112,0,0,""
4,2704724,"s_load_dwordx2 s[12:13], s[4:5], 0x0",1028,4112,0,0,""
4,2704732,"s_add_u32 s6, s6, 12",1028,5352,1236,0,""
4,2704736,"v_mov_b32_e32 v12, v11",1028,5536,1412,32,""
4,2704740,"s_waitcnt lgkmcnt(0)",1028,27036,27036,0,""
4,2704744,"v_mul_hi_u32 v9, s11, v8",1028,5404,1292,0,""
4,2704752,"v_add_u32_e32 v9, v8, v9",1028,5284,1172,0,""
4,2704756,"v_lshrrev_b32_e32 v9, s9, v9",1028,5356,1244,0,""
4,2704760,"s_addc_u32 s7, s7, 0",1028,5480,1368,0,""
4,2704764,"v_mul_lo_u32 v11, v9, s10",1028,5292,1180,0,""
4,2704772,"s_add_u32 s4, s4, 8",1028,5300,1184,0,""
4,2704776,"v_sub_u32_e32 v11, v8, v11",1028,5008,896,0,""
4,2704780,"s_addc_u32 s5, s5, 0",1028,4644,532,0,""
4,2704784,"s_add_i32 s8, s8, -1",1028,4540,424,0,""
4,2704788,"v_mad_u64_u32 v[12:13], s[10:11], v11, s13, v[12:13]",1028,5840,1724,0,""
4,2704796,"v_mad_u64_u32 v[10:11], s[10:11], v11, s12, v[10:11]",1028,5512,1392,0,""
4,2704804,"s_cmp_lg_u32 s8, 0",1028,5588,1468,16440,""
4,2704808,"v_mov_b32_e32 v8, v9",1028,5224,1112,0,""
4,2704812,"v_mov_b32_e32 v11, v12",1028,5244,1132,0,""
4,2704816,"s_cbranch_scc1 65508",1028,4116,4,0,""
4,2704820,"v_mov_b32_e32 v9, 0",514,2468,412,0,""
4,2704824,"v_mov_b32_e32 v8, v10",514,2296,240,0,""
4,2704828,"v_mov_b32_e32 v10, v11",514,2276,220,0,""
4,2704832,"v_mov_b32_e32 v11, v9",514,2360,304,1784,""
4,2704836,"v_mov_b64_e32 v[12:13], 0",514,2456,400,0,""
4,2704840,"s_and_b64 vcc, exec, s[2:3]",514,2428,372,0,""
4,2704844,"v_mov_b64_e32 v[14:15], v[12:13]",514,2252,196,0,""
4,2704848,"s_cbranch_vccnz 133",514,2108,52,0,""
4,2704852,"s_add_i32 s4, s33, -1",514,2280,224,0,""
4,2704856,"s_min_u32 s30, s4, 15",514,2120,64,0,""
4,2704860,"s_add_i32 s30, s30, 1",514,2292,232,0,""
4,2704864,"v_add_u32_e32 v12, 0x180, v28",514,2548,492,1876,""
4,2704872,"s_mov_b32 s24, 0",514,2196,140,0,""
4,2704876,"s_cmp_lt_u32 s33, 4",514,2396,336,0,""
4,2704880,"s_cbranch_scc1 79",514,2068,8,2052,""
4,2704884,"s_add_u32 s26, s0, 0xc4",0,0,0,0,""
4,2704892,"s_addc_u32 s27, s1, 0",0,0,0,0,""
4,2704896,"s_and_b32 s24, s30, 28",0,0,0,0,""
4,2704900,"s_mov_b32 s25, 0",0,0,0,0,""
4,2704904,"v_mov_b32_e32 v14, 0",0,0,0,0,""
4,2704908,"s_mov_b64 s[28:29], s[0:1]",0,0,0,0,""
4,2704912,"v_mov_b32_e32 v15, 0",0,0,0,0,""
4,2704916,"s_load_dwordx8 s[12:19], s[28:29], 0x4",0,0,0,0,""
4,2704924,"s_waitcnt lgkmcnt(0)",0,0,0,0,""
4,2704928,"s_load_dwordx4 s[20:23], s[28:29], 0x24",0,0,0,0,""
4,2704936,"s_load_dwordx8 s[4:11], s[26:27], 0x0",0,0,0,0,""
4,2704944,"s_add_u32 s28, s28, 48",0,0,0,0,""
4,2704948,"s_addc_u32 s29, s29, 0",0,0,0,0,""
4,2704952,"v_mul_hi_u32 v13, s13, v12",0,0,0,0,""
4,2704960,"v_add_u32_e32 v13, v12, v13",0,0,0,0,""
4,2704964,"v_lshrrev_b32_e32 v13, s14, v13",0,0,0,0,""
4,2704968,"v_mul_lo_u32 v16, v13, s12",0,0,0,0,""
4,2704976,"v_mul_hi_u32 v17, s16, v13",0,0,0,0,""
4,2704984,"v_sub_u32_e32 v12, v12, v16",0,0,0,0,""
4,2704988,"v_add_u32_e32 v16, v13, v17",0,0,0,0,""
4,2704992,"v_lshrrev_b32_e32 v16, s17, v16",0,0,0,0,""
4,2704996,"v_mul_lo_u32 v18, v16, s15",0,0,0,0,""
4,2705004,"v_mul_hi_u32 v19, s19, v16",0,0,0,0,""
4,2705012,"v_sub_u32_e32 v13, v13, v18",0,0,0,0,""
4,2705016,"v_add_u32_e32 v18, v16, v19",0,0,0,0,""
4,2705020,"s_waitcnt lgkmcnt(0)",0,0,0,0,""
4,2705024,"v_mul_lo_u32 v17, v12, s5",0,0,0,0,""
4,2705032,"v_mul_lo_u32 v12, v12, s4",0,0,0,0,""
4,2705040,"v_mul_lo_u32 v19, v13, s7",0,0,0,0,""
4,2705048,"v_mul_lo_u32 v13, v13, s6",0,0,0,0,""
4,2705056,"v_lshrrev_b32_e32 v18, s20, v18",0,0,0,0,""
4,2705060,"v_add3_u32 v13, v12, v14, v13",0,0,0,0,""
4,2705068,"v_add3_u32 v14, v17, v15, v19",0,0,0,0,""
4,2705076,"v_mul_lo_u32 v12, v18, s18",0,0,0,0,""
4,2705084,"v_mul_hi_u32 v15, s22, v18",0,0,0,0,""
4,2705092,"v_sub_u32_e32 v12, v16, v12",0,0,0,0,""
4,2705096,"v_add_u32_e32 v15, v18, v15",0,0,0,0,""
4,2705100,"v_mul_lo_u32 v16, v12, s8",0,0,0,0,""
4,2705108,"v_mul_lo_u32 v17, v12, s9",0,0,0,0,""
4,2705116,"v_lshrrev_b32_e32 v12, s23, v15",0,0,0,0,""
4,2705120,"s_add_i32 s25, s25, 4",0,0,0,0,""
4,2705124,"v_mul_lo_u32 v15, v12, s21",0,0,0,0,""
4,2705132,"s_add_u32 s26, s26, 32",0,0,0,0,""
4,2705136,"v_sub_u32_e32 v15, v18, v15",0,0,0,0,""
4,2705140,"s_addc_u32 s27, s27, 0",0,0,0,0,""
4,2705144,"v_mul_lo_u32 v18, v15, s10",0,0,0,0,""
4,2705152,"v_mul_lo_u32 v15, v15, s11",0,0,0,0,""
4,2705160,"s_cmp_lg_u32 s24, s25",0,0,0,0,""
4,2705164,"v_add3_u32 v15, v17, v14, v15",0,0,0,0,""
4,2705172,"v_add3_u32 v14, v16, v13, v18",0,0,0,0,""
4,2705180,"s_cbranch_scc1 65469",0,0,0,0,""
4,2705184,"s_and_b32 s8, s30, 3",0,0,0,0,""
4,2705188,"s_cmp_eq_u32 s8, 0",0,0,0,0,""
4,2705192,"s_cbranch_scc0 6",0,0,0,0,""
4,2705196,"s_branch 42",0,0,0,0,""
4,2705200,"s_mov_b32 s25, s24",514,2508,448,8224,""
4,2705204,"v_mov_b64_e32 v[14:15], s[24:25]",514,2412,352,0,""
4,2705208,"s_and_b32 s8, s30, 3",514,2412,356,0,""
4,2705212,"s_cmp_eq_u32 s8, 0",514,2256,196,0,""
4,2705216,"s_cbranch_scc1 37",514,2064,8,2052,""
4,2705220,"s_lshl_b32 s4, s24, 3",514,2232,176,0,""
4,2705224,"s_add_u32 s4, s4, s0",514,2108,52,0,""
4,2705228,"s_addc_u32 s5, 0, s1",514,2324,268,0,""
4,2705232,"s_add_u32 s4, s4, 0xc4",514,2356,300,0,""
4,2705240,"s_addc_u32 s5, s5, 0",514,2204,148,0,""
4,2705244,"s_mul_i32 s6, s24, 12",514,2464,408,0,""
4,2705248,"s_add_u32 s6, s0, s6",514,2276,220,0,""
4,2705252,"s_addc_u32 s7, 0, s1",514,2400,344,0,""
4,2705256,"s_load_dwordx2 s[10:11], s[6:7], 0x4",1028,4576,464,8236,""
4,2705264,"s_load_dword s9, s[6:7], 0xc",1028,4112,0,0,""
4,2705272,"s_load_dwordx2 s[12:13], s[4:5], 0x0",1028,4112,0,0,""
4,2705280,"s_add_u32 s6, s6, 12",1028,5212,1100,1988,""
4,2705284,"v_mov_b32_e32 v16, v15",1028,5452,1328,0,""
4,2705288,"s_waitcnt lgkmcnt(0)",1028,25412,25412,0,""
4,2705292,"v_mul_hi_u32 v13, s11, v12",1028,5752,1640,0,""
4,2705300,"v_add_u32_e32 v13, v12, v13",1028,5712,1600,0,""
4,2705304,"v_lshrrev_b32_e32 v13, s9, v13",1028,5256,1144,0,""
4,2705308,"s_addc_u32 s7, s7, 0",1028,5144,1032,0,""
4,2705312,"v_mul_lo_u32 v15, v13, s10",1028,5104,992,0,""
4,2705320,"s_add_u32 s4, s4, 8",1028,4432,320,0,""
4,2705324,"v_sub_u32_e32 v15, v12, v15",1028,5232,1120,0,""
4,2705328,"s_addc_u32 s5, s5, 0",1028,4392,280,0,""
4,2705332,"s_add_i32 s8, s8, -1",1028,4388,272,0,""
4,2705336,"v_mad_u64_u32 v[16:17], s[10:11], v15, s13, v[16:17]",1028,5608,1488,0,""
4,2705344,"v_mad_u64_u32 v[14:15], s[10:11], v15, s12, v[14:15]",1028,5144,1012,0,""
4,2705352,"s_cmp_lg_u32 s8, 0",1028,5240,1124,16428,""
4,2705356,"v_mov_b32_e32 v12, v13",1028,5332,1208,0,""
4,2705360,"v_mov_b32_e32 v15, v16",1028,4824,712,0,""
4,2705364,"s_cbranch_scc1 65508",1028,4124,8,0,""
4,2705368,"v_mov_b32_e32 v13, 0",514,2348,292,0,""
4,2705372,"v_mov_b32_e32 v12, v14",514,2332,268,0,""
4,2705376,"v_mov_b32_e32 v14, v15",514,2328,272,3804,""
4,2705380,"v_mov_b32_e32 v15, v13",514,2284,228,0,""
4,2705384,"v_mov_b64_e32 v[16:17], 0",514,2340,284,0,""
4,2705388,"s_and_b64 vcc, exec, s[2:3]",514,2344,284,0,""
4,2705392,"v_mov_b64_e32 v[18:19], v[16:17]",514,2336,280,0,""
4,2705396,"s_cbranch_vccnz 133",514,2076,20,0,""
4,2705400,"s_add_i32 s4, s33, -1",514,2388,328,0,""
4,2705404,"s_min_u32 s30, s4, 15",514,2368,304,0,""
4,2705408,"s_add_i32 s30, s30, 1",514,2096,36,3876,""
4,2705412,"v_add_u32_e32 v16, 0x200, v28",514,2248,192,0,""
4,2705420,"s_mov_b32 s24, 0",514,2208,152,0,""
4,2705424,"s_cmp_lt_u32 s33, 4",514,2156,100,0,""
4,2705428,"s_cbranch_scc1 79",514,2060,0,2056,""
4,2705432,"s_add_u32 s26, s0, 0xc4",0,0,0,0,""
4,2705440,"s_addc_u32 s27, s1, 0",0,0,0,0,""
4,2705444,"s_and_b32 s24, s30, 28",0,0,0,0,""
4,2705448,"s_mov_b32 s25, 0",0,0,0,0,""
4,2705452,"v_mov_b32_e32 v18, 0",0,0,0,0,""
4,2705456,"s_mov_b64 s[28:29], s[0:1]",0,0,0,0,""
4,2705460,"v_mov_b32_e32 v19, 0",0,0,0,0,""
4,2705464,"s_load_dwordx8 s[12:19], s[28:29], 0x4",0,0,0,0,""
4,2705472,"s_waitcnt lgkmcnt(0)",0,0,0,0,""
4,2705476,"s_load_dwordx4 s[20:23], s[28:29], 0x24",0,0,0,0,""
4,2705484,"s_load_dwordx8 s[4:11], s[26:27], 0x0",0,0,0,0,""
4,2705492,"s_add_u32 s28, s28, 48",0,0,0,0,""
4,2705496,"s_addc_u32 s29, s29, 0",0,0,0,0,""
4,2705500,"v_mul_hi_u32 v17, s13, v16",0,0,0,0,""
4,2705508,"v_add_u32_e32 v17, v16, v17",0,0,0,0,""
4,2705512,"v_lshrrev_b32_e32 v17, s14, v17",0,0,0,0,""
4,2705516,"v_mul_lo_u32 v20, v17, s12",0,0,0,0,""
4,2705524,"v_mul_hi_u32 v21, s16, v17",0,0,0,0,""
4,2705532,"v_sub_u32_e32 v16, v16, v20",0,0,0,0,""
4,2705536,"v_add_u32_e32 v20, v17, v21",0,0,0,0,""
4,2705540,"v_lshrrev_b32_e32 v20, s17, v20",0,0,0,0,""
4,2705544,"v_mul_lo_u32 v22, v20, s15",0,0,0,0,""
4,2705552,"v_mul_hi_u32 v23, s19, v20",0,0,0,0,""
4,2705560,"v_sub_u32_e32 v17, v17, v22",0,0,0,0,""
4,2705564,"v_add_u32_e32 v22, v20, v23",0,0,0,0,""
4,2705568,"s_waitcnt lgkmcnt(0)",0,0,0,0,""
4,2705572,"v_mul_lo_u32 v21, v16, s5",0,0,0,0,""
4,2705580,"v_mul_lo_u32 v16, v16, s4",0,0,0,0,""
4,2705588,"v_mul_lo_u32 v23, v17, s7",0,0,0,0,""
4,2705596,"v_mul_lo_u32 v17, v17, s6",0,0,0,0,""
4,2705604,"v_lshrrev_b32_e32 v22, s20, v22",0,0,0,0,""
4,2705608,"v_add3_u32 v17, v16, v18, v17",0,0,0,0,""
4,2705616,"v_add3_u32 v18, v21, v19, v23",0,0,0,0,""
4,2705624,"v_mul_lo_u32 v16, v22, s18",0,0,0,0,""
4,2705632,"v_mul_hi_u32 v19, s22, v22",0,0,0,0,""
4,2705640,"v_sub_u32_e32 v16, v20, v16",0,0,0,0,""
4,2705644,"v_add_u32_e32 v19, v22, v19",0,0,0,0,""
4,2705648,"v_mul_lo_u32 v20, v16, s8",0,0,0,0,""
4,2705656,"v_mul_lo_u32 v21, v16, s9",0,0,0,0,""
4,2705664,"v_lshrrev_b32_e32 v16, s23, v19",0,0,0,0,""
4,2705668,"s_add_i32 s25, s25, 4",0,0,0,0,""
4,2705672,"v_mul_lo_u32 v19, v16, s21",0,0,0,0,""
4,2705680,"s_add_u32 s26, s26, 32",0,0,0,0,""
4,2705684,"v_sub_u32_e32 v19, v22, v19",0,0,0,0,""
4,2705688,"s_addc_u32 s27, s27, 0",0,0,0,0,""
4,2705692,"v_mul_lo_u32 v22, v19, s10",0,0,0,0,""
4,2705700,"v_mul_lo_u32 v19, v19, s11",0,0,0,0,""
4,2705708,"s_cmp_lg_u32 s24, s25",0,0,0,0,""
4,2705712,"v_add3_u32 v19, v21, v18, v19",0,0,0,0,""
4,2705720,"v_add3_u32 v18, v20, v17, v22",0,0,0,0,""
4,2705728,"s_cbranch_scc1 65469",0,0,0,0,""
4,2705732,"s_and_b32 s8, s30, 3",0,0,0,0,""
4,2705736,"s_cmp_eq_u32 s8, 0",0,0,0,0,""
4,2705740,"s_cbranch_scc0 6",0,0,0,0,""
4,2705744,"s_branch 42",0,0,0,0,""
4,2705748,"s_mov_b32 s25, s24",514,2276,220,8228,""
4,2705752,"v_mov_b64_e32 v[18:19], s[24:25]",514,2444,388,0,""
4,2705756,"s_and_b32 s8, s30, 3",514,2376,320,0,""
4,2705760,"s_cmp_eq_u32 s8, 0",514,2320,256,1864,""
4,2705764,"s_cbranch_scc1 37",514,2056,0,2048,""
4,2705768,"s_lshl_b32 s4, s24, 3",514,2184,128,0,""
4,2705772,"s_add_u32 s4, s4, s0",514,2140,84,0,""
4,2705776,"s_addc_u32 s5, 0, s1",514,2188,132,0,""
4,2705780,"s_add_u32 s4, s4, 0xc4",514,2112,56,0,""
4,2705788,"s_addc_u32 s5, s5, 0",514,2104,44,0,""
4,2705792,"s_mul_i32 s6, s24, 12",514,2344,284,0,""
4,2705796,"s_add_u32 s6, s0, s6",514,2184,128,0,""
4,2705800,"s_addc_u32 s7, 0, s1",514,2384,328,0,""
4,2705804,"s_load_dwordx2 s[10:11], s[6:7], 0x4",1028,4272,160,8224,""
4,2705812,"s_load_dword s9, s[6:7], 0xc",1028,4124,0,0,""
4,2705820,"s_load_dwordx2 s[12:13], s[4:5], 0x0",1028,4368,256,4080,""
4,2705828,"s_add_u32 s6, s6, 12",1028,4380,252,0,""
4,2705832,"v_mov_b32_e32 v20, v19",1028,5136,1020,0,""
4,2705836,"s_waitcnt lgkmcnt(0)",1028,27844,27844,0,""
4,2705840,"v_mul_hi_u32 v17, s11, v16",1028,5568,1456,0,""
4,2705848,"v_add_u32_e32 v17, v16, v17",1028,5440,1328,0,""
4,2705852,"v_lshrrev_b32_e32 v17, s9, v17",1028,5100,988,0,""
4,2705856,"s_addc_u32 s7, s7, 0",1028,4504,388,0,""
4,2705860,"v_mul_lo_u32 v19, v17, s10",1028,5364,1252,0,""
4,2705868,"s_add_u32 s4, s4, 8",1028,4376,264,0,""
4,2705872,"v_sub_u32_e32 v19, v16, v19",1028,5092,980,0,""
4,2705876,"s_addc_u32 s5, s5, 0",1028,4296,184,0,""
4,2705880,"s_add_i32 s8, s8, -1",1028,4404,292,0,""
4,2705884,"v_mad_u64_u32 v[20:21], s[10:11], v19, s13, v[20:21]",1028,5000,880,0,""
4,2705892,"v_mad_u64_u32 v[18:19], s[10:11], v19, s12, v[18:19]",1028,5132,1004,0,""
4,2705900,"s_cmp_lg_u32 s8, 0",1028,4372,256,16432,""
4,2705904,"v_mov_b32_e32 v16, v17",1028,5260,1148,0,""
4,2705908,"v_mov_b32_e32 v19, v20",1028,4736,624,0,""
4,2705912,"s_cbranch_scc1 65508",1028,4128,4,0,""
4,2705916,"v_mov_b32_e32 v17, 0",514,2268,200,0,""
4,2705920,"v_mov_b32_e32 v16, v18",514,2368,312,6052,""
4,2705924,"v_mov_b32_e32 v18, v19",514,2244,188,0,""
4,2705928,"v_mov_b32_e32 v19, v17",514,2332,276,0,""
4,2705932,"v_mov_b64_e32 v[20:21], 0",514,2196,140,0,""
4,2705936,"s_and_b64 vcc, exec, s[2:3]",514,2260,204,0,""
4,2705940,"v_mov_b64_e32 v[22:23], v[20:21]",514,2280,224,0,""
4,2705944,"s_cbranch_vccnz 133",514,2072,16,0,""
4,2705948,"s_add_i32 s4, s33, -1",514,2388,332,0,""
4,2705952,"s_min_u32 s30, s4, 15",514,2236,180,6044,""
4,2705956,"s_add_i32 s30, s30, 1",514,2064,8,0,""
4,2705960,"v_add_u32_e32 v20, 0x280, v28",514,2300,244,0,""
4,2705968,"s_mov_b32 s24, 0",514,2188,132,0,""
4,2705972,"s_cmp_lt_u32 s33, 4",514,2140,84,0,""
4,2705976,"s_cbranch_scc1 79",514,2064,8,2056,""
4,2705980,"s_add_u32 s26, s0, 0xc4",0,0,0,0,""
4,2705988,"s_addc_u32 s27, s1, 0",0,0,0,0,""
4,2705992,"s_and_b32 s24, s30, 28",0,0,0,0,""
4,2705996,"s_mov_b32 s25, 0",0,0,0,0,""
4,2706000,"v_mov_b32_e32 v22, 0",0,0,0,0,""
4,2706004,"s_mov_b64 s[28:29], s[0:1]",0,0,0,0,""
4,2706008,"v_mov_b32_e32 v23, 0",0,0,0,0,""
4,2706012,"s_load_dwordx8 s[12:19], s[28:29], 0x4",0,0,0,0,""
4,2706020,"s_waitcnt lgkmcnt(0)",0,0,0,0,""
4,2706024,"s_load_dwordx4 s[20:23], s[28:29], 0x24",0,0,0,0,""
4,2706032,"s_load_dwordx8 s[4:11], s[26:27], 0x0",0,0,0,0,""
4,2706040,"s_add_u32 s28, s28, 48",0,0,0,0,""
4,2706044,"s_addc_u32 s29, s29, 0",0,0,0,0,""
4,2706048,"v_mul_hi_u32 v21, s13, v20",0,0,0,0,""
4,2706056,"v_add_u32_e32 v21, v20, v21",0,0,0,0,""
4,2706060,"v_lshrrev_b32_e32 v21, s14, v21",0,0,0,0,""
4,2706064,"v_mul_lo_u32 v24, v21, s12",0,0,0,0,""
4,2706072,"v_mul_hi_u32 v25, s16, v21",0,0,0,0,""
4,2706080,"v_sub_u32_e32 v20, v20, v24",0,0,0,0,""
4,2706084,"v_add_u32_e32 v24, v21, v25",0,0,0,0,""
4,2706088,"v_lshrrev_b32_e32 v24, s17, v24",0,0,0,0,""
4,2706092,"v_mul_lo_u32 v26, v24, s15",0,0,0,0,""
4,2706100,"v_mul_hi_u32 v27, s19, v24",0,0,0,0,""
4,2706108,"v_sub_u32_e32 v21, v21, v26",0,0,0,0,""
4,2706112,"v_add_u32_e32 v26, v24, v27",0,0,0,0,""
4,2706116,"s_waitcnt lgkmcnt(0)",0,0,0,0,""
4,2706120,"v_mul_lo_u32 v25, v20, s5",0,0,0,0,""
4,2706128,"v_mul_lo_u32 v20, v20, s4",0,0,0,0,""
4,2706136,"v_mul_lo_u32 v27, v21, s7",0,0,0,0,""
4,2706144,"v_mul_lo_u32 v21, v21, s6",0,0,0,0,""
4,2706152,"v_lshrrev_b32_e32 v26, s20, v26",0,0,0,0,""
4,2706156,"v_add3_u32 v21, v20, v22, v21",0,0,0,0,""
4,2706164,"v_add3_u32 v22, v25, v23, v27",0,0,0,0,""
4,2706172,"v_mul_lo_u32 v20, v26, s18",0,0,0,0,""
4,2706180,"v_mul_hi_u32 v23, s22, v26",0,0,0,0,""
4,2706188,"v_sub_u32_e32 v20, v24, v20",0,0,0,0,""
4,2706192,"v_add_u32_e32 v23, v26, v23",0,0,0,0,""
4,2706196,"v_mul_lo_u32 v24, v20, s8",0,0,0,0,""
4,2706204,"v_mul_lo_u32 v25, v20, s9",0,0,0,0,""
4,2706212,"v_lshrrev_b32_e32 v20, s23, v23",0,0,0,0,""
4,2706216,"s_add_i32 s25, s25, 4",0,0,0,0,""
4,2706220,"v_mul_lo_u32 v23, v20, s21",0,0,0,0,""
4,2706228,"s_add_u32 s26, s26, 32",0,0,0,0,""
4,2706232,"v_sub_u32_e32 v23, v26, v23",0,0,0,0,""
4,2706236,"s_addc_u32 s27, s27, 0",0,0,0,0,""
4,2706240,"v_mul_lo_u32 v26, v23, s10",0,0,0,0,""
4,2706248,"v_mul_lo_u32 v23, v23, s11",0,0,0,0,""
4,2706256,"s_cmp_lg_u32 s24, s25",0,0,0,0,""
4,2706260,"v_add3_u32 v23, v25, v22, v23",0,0,0,0,""
4,2706268,"v_add3_u32 v22, v24, v21, v26",0,0,0,0,""
4,2706276,"s_cbranch_scc1 65469",0,0,0,0,""
4,2706280,"s_and_b32 s8, s30, 3",0,0,0,0,""
4,2706284,"s_cmp_eq_u32 s8, 0",0,0,0,0,""
4,2706288,"s_cbranch_scc0 6",0,0,0,0,""
4,2706292,"s_branch 42",0,0,0,0,""
4,2706296,"s_mov_b32 s25, s24",514,2328,268,8236,""
4,2706300,"v_mov_b64_e32 v[22:23], s[24:25]",514,2348,288,0,""
4,2706304,"s_and_b32 s8, s30, 3",514,2296,240,3884,""
4,2706308,"s_cmp_eq_u32 s8, 0",514,2088,28,0,""
4,2706312,"s_cbranch_scc1 37",514,2056,0,2052,""
4,2706316,"s_lshl_b32 s4, s24, 3",514,2264,208,0,""
4,2706320,"s_add_u32 s4, s4, s0",514,2084,28,0,""
4,2706324,"s_addc_u32 s5, 0, s1",514,2084,28,0,""
4,2706328,"s_add_u32 s4, s4, 0xc4",514,2128,72,0,""
4,2706336,"s_addc_u32 s5, s5, 0",514,2096,40,16,""
4,2706340,"s_mul_i32 s6, s24, 12",514,2068,12,0,""
4,2706344,"s_add_u32 s6, s0, s6",514,2172,116,0,""
4,2706348,"s_addc_u32 s7, 0, s1",514,2140,84,0,""
4,2706352,"s_load_dwordx2 s[10:11], s[6:7], 0x4",1028,4228,116,8220,""
4,2706360,"s_load_dword s9, s[6:7], 0xc",1028,4112,0,0,""
4,2706368,"s_load_dwordx2 s[12:13], s[4:5], 0x0",1028,4184,72,4092,""
4,2706376,"s_add_u32 s6, s6, 12",1028,4376,264,0,""
4,2706380,"v_mov_b32_e32 v24, v23",1028,5452,1324,0,""
4,2706384,"s_waitcnt lgkmcnt(0)",1028,27716,27716,0,""
4,2706388,"v_mul_hi_u32 v21, s11, v20",1028,5456,1340,0,""
4,2706396,"v_add_u32_e32 v21, v20, v21",1028,5264,1152,0,""
4,2706400,"v_lshrrev_b32_e32 v21, s9, v21",1028,4920,808,0,""
4,2706404,"s_addc_u32 s7, s7, 0",1028,4388,276,0,""
4,2706408,"v_mul_lo_u32 v23, v21, s10",1028,5212,1100,0,""
4,2706416,"s_add_u32 s4, s4, 8",1028,4272,160,0,""
4,2706420,"v_sub_u32_e32 v23, v20, v23",1028,5112,1000,0,""
4,2706424,"s_addc_u32 s5, s5, 0",1028,4252,140,0,""
4,2706428,"s_add_i32 s8, s8, -1",1028,4256,144,0,""
4,2706432,"v_mad_u64_u32 v[24:25], s[10:11], v23, s13, v[24:25]",1028,5460,1348,0,""
4,2706440,"v_mad_u64_u32 v[22:23], s[10:11], v23, s12, v[22:23]",1028,5000,884,0,""
4,2706448,"s_cmp_lg_u32 s8, 0",1028,4308,188,16444,""
4,2706452,"v_mov_b32_e32 v20, v21",1028,5128,1012,0,""
4,2706456,"v_mov_b32_e32 v23, v24",1028,4948,836,0,""
4,2706460,"s_cbranch_scc1 65508",1028,4116,0,0,""
4,2706464,"v_mov_b32_e32 v21, 0",514,2184,128,8236,""
4,2706468,"v_mov_b32_e32 v20, v22",514,2460,404,0,""
4,2706472,"v_mov_b32_e32 v22, v23",514,2428,372,0,""
4,2706476,"v_mov_b32_e32 v23, v21",514,2252,196,0,""
4,2706480,"v_mov_b64_e32 v[24:25], 0",514,2296,240,0,""
4,2706484,"s_and_b64 vcc, exec, s[2:3]",514,2152,96,0,""
4,2706488,"v_mov_b64_e32 v[26:27], v[24:25]",514,2212,156,0,""
4,2706492,"s_cbranch_vccnz 133",514,2060,4,0,""
4,2706496,"s_add_i32 s4, s33, -1",514,2264,208,8224,""
4,2706500,"s_min_u32 s30, s4, 15",514,2064,8,0,""
4,2706504,"s_add_i32 s30, s30, 1",514,2128,72,0,""
4,2706508,"v_add_u32_e32 v24, 0x300, v28",514,2284,228,0,""
4,2706516,"s_mov_b32 s24, 0",514,2132,76,0,""
4,2706520,"s_cmp_lt_u32 s33, 4",514,2068,12,0,""
4,2706524,"s_cbranch_scc1 79",514,2056,0,2056,""
4,2706528,"s_add_u32 s26, s0, 0xc4",0,0,0,0,""
4,2706536,"s_addc_u32 s27, s1, 0",0,0,0,0,""
4,2706540,"s_and_b32 s24, s30, 28",0,0,0,0,""
4,2706544,"s_mov_b32 s25, 0",0,0,0,0,""
4,2706548,"v_mov_b32_e32 v26, 0",0,0,0,0,""
4,2706552,"s_mov_b64 s[28:29], s[0:1]",0,0,0,0,""
4,2706556,"v_mov_b32_e32 v27, 0",0,0,0,0,""
4,2706560,"s_load_dwordx8 s[12:19], s[28:29], 0x4",0,0,0,0,""
4,2706568,"s_waitcnt lgkmcnt(0)",0,0,0,0,""
4,2706572,"s_load_dwordx4 s[20:23], s[28:29], 0x24",0,0,0,0,""
4,2706580,"s_load_dwordx8 s[4:11], s[26:27], 0x0",0,0,0,0,""
4,2706588,"s_add_u32 s28, s28, 48",0,0,0,0,""
4,2706592,"s_addc_u32 s29, s29, 0",0,0,0,0,""
4,2706596,"v_mul_hi_u32 v25, s13, v24",0,0,0,0,""
4,2706604,"v_add_u32_e32 v25, v24, v25",0,0,0,0,""
4,2706608,"v_lshrrev_b32_e32 v25, s14, v25",0,0,0,0,""
4,2706612,"v_mul_lo_u32 v28, v25, s12",0,0,0,0,""
4,2706620,"v_mul_hi_u32 v29, s16, v25",0,0,0,0,""
4,2706628,"v_sub_u32_e32 v24, v24, v28",0,0,0,0,""
4,2706632,"v_add_u32_e32 v28, v25, v29",0,0,0,0,""
4,2706636,"v_lshrrev_b32_e32 v28, s17, v28",0,0,0,0,""
4,2706640,"v_mul_lo_u32 v30, v28, s15",0,0,0,0,""
4,2706648,"v_mul_hi_u32 v31, s19, v28",0,0,0,0,""
4,2706656,"v_sub_u32_e32 v25, v25, v30",0,0,0,0,""
4,2706660,"v_add_u32_e32 v30, v28, v31",0,0,0,0,""
4,2706664,"s_waitcnt lgkmcnt(0)",0,0,0,0,""
4,2706668,"v_mul_lo_u32 v29, v24, s5",0,0,0,0,""
4,2706676,"v_mul_lo_u32 v24, v24, s4",0,0,0,0,""
4,2706684,"v_mul_lo_u32 v31, v25, s7",0,0,0,0,""
4,2706692,"v_mul_lo_u32 v25, v25, s6",0,0,0,0,""
4,2706700,"v_lshrrev_b32_e32 v30, s20, v30",0,0,0,0,""
4,2706704,"v_add3_u32 v25, v24, v26, v25",0,0,0,0,""
4,2706712,"v_add3_u32 v26, v29, v27, v31",0,0,0,0,""
4,2706720,"v_mul_lo_u32 v24, v30, s18",0,0,0,0,""
4,2706728,"v_mul_hi_u32 v27, s22, v30",0,0,0,0,""
4,2706736,"v_sub_u32_e32 v24, v28, v24",0,0,0,0,""
4,2706740,"v_add_u32_e32 v27, v30, v27",0,0,0,0,""
4,2706744,"v_mul_lo_u32 v28, v24, s8",0,0,0,0,""
4,2706752,"v_mul_lo_u32 v29, v24, s9",0,0,0,0,""
4,2706760,"v_lshrrev_b32_e32 v24, s23, v27",0,0,0,0,""
4,2706764,"s_add_i32 s25, s25, 4",0,0,0,0,""
4,2706768,"v_mul_lo_u32 v27, v24, s21",0,0,0,0,""
4,2706776,"s_add_u32 s26, s26, 32",0,0,0,0,""
4,2706780,"v_sub_u32_e32 v27, v30, v27",0,0,0,0,""
4,2706784,"s_addc_u32 s27, s27, 0",0,0,0,0,""
4,2706788,"v_mul_lo_u32 v30, v27, s10",0,0,0,0,""
4,2706796,"v_mul_lo_u32 v27, v27, s11",0,0,0,0,""
4,2706804,"s_cmp_lg_u32 s24, s25",0,0,0,0,""
4,2706808,"v_add3_u32 v27, v29, v26, v27",0,0,0,0,""
4,2706816,"v_add3_u32 v26, v28, v25, v30",0,0,0,0,""
4,2706824,"s_cbranch_scc1 65469",0,0,0,0,""
4,2706828,"s_and_b32 s8, s30, 3",0,0,0,0,""
4,2706832,"s_cmp_eq_u32 s8, 0",0,0,0,0,""
4,2706836,"s_cbranch_scc0 6",0,0,0,0,""
4,2706840,"s_branch 42",0,0,0,0,""
4,2706844,"s_mov_b32 s25, s24",514,2132,68,8224,""
4,2706848,"v_mov_b64_e32 v[26:27], s[24:25]",514,2308,252,6128,""
4,2706852,"s_and_b32 s8, s30, 3",514,2128,72,0,""
4,2706856,"s_cmp_eq_u32 s8, 0",514,2088,24,0,""
4,2706860,"s_cbranch_scc1 37",514,2056,0,2048,""
4,2706864,"s_lshl_b32 s4, s24, 3",514,2104,48,0,""
4,2706868,"s_add_u32 s4, s4, s0",514,2064,8,0,""
4,2706872,"s_addc_u32 s5, 0, s1",514,2064,8,0,""
4,2706876,"s_add_u32 s4, s4, 0xc4",514,2172,116,2040,""
4,2706884,"s_addc_u32 s5, s5, 0",514,2060,4,0,""
4,2706888,"s_mul_i32 s6, s24, 12",514,2120,64,0,""
4,2706892,"s_add_u32 s6, s0, s6",514,2072,16,0,""
4,2706896,"s_addc_u32 s7, 0, s1",514,2072,16,0,""
4,2706900,"s_load_dwordx2 s[10:11], s[6:7], 0x4",1028,4136,20,8232,""
4,2706908,"s_load_dword s9, s[6:7], 0xc",1028,4144,32,6192,""
4,2706916,"s_load_dwordx2 s[12:13], s[4:5], 0x0",1028,4112,0,0,""
4,2706924,"s_add_u32 s6, s6, 12",1028,4120,8,0,""
4,2706928,"v_mov_b32_e32 v28, v27",1028,5096,972,0,""
4,2706932,"s_waitcnt lgkmcnt(0)",1028,28116,28116,0,""
4,2706936,"v_mul_hi_u32 v25, s11, v24",1028,5952,1840,0,""
4,2706944,"v_add_u32_e32 v25, v24, v25",1028,5440,1328,0,""
4,2706948,"v_lshrrev_b32_e32 v25, s9, v25",1028,5548,1436,0,""
4,2706952,"s_addc_u32 s7, s7, 0",1028,4192,80,0,""
4,2706956,"v_mul_lo_u32 v27, v25, s10",1028,5512,1400,0,""
4,2706964,"s_add_u32 s4, s4, 8",1028,4172,60,0,""
4,2706968,"v_sub_u32_e32 v27, v24, v27",1028,5204,1092,0,""
4,2706972,"s_addc_u32 s5, s5, 0",1028,4208,96,0,""
4,2706976,"s_add_i32 s8, s8, -1",1028,4136,24,0,""
4,2706980,"v_mad_u64_u32 v[28:29], s[10:11], v27, s13, v[28:29]",1028,5296,1184,0,""
4,2706988,"v_mad_u64_u32 v[26:27], s[10:11], v27, s12, v[26:27]",1028,5160,1044,0,""
4,2706996,"s_cmp_lg_u32 s8, 0",1028,4236,120,16444,""
4,2707000,"v_mov_b32_e32 v24, v25",1028,5144,1032,0,""
4,2707004,"v_mov_b32_e32 v27, v28",1028,5220,1108,0,""
4,2707008,"s_cbranch_scc1 65508",1028,4124,12,0,""
4,2707012,"v_mov_b32_e32 v25, 0",514,2336,280,0,""
4,2707016,"v_mov_b32_e32 v24, v26",514,2320,264,0,""
4,2707020,"v_mov_b32_e32 v26, v27",514,2204,148,0,""
4,2707024,"v_mov_b32_e32 v27, v25",514,2280,224,0,""
4,2707028,"v_mov_b64_e32 v[30:31], 0",514,2172,116,0,""
4,2707032,"s_and_b64 vcc, exec, s[2:3]",514,2108,52,0,""
4,2707036,"v_mov_b64_e32 v[28:29], v[30:31]",514,2436,380,0,""
4,2707040,"s_cbranch_vccnz 131",514,2056,0,0,""
4,2707044,"s_add_i32 s2, s33, -1",514,2124,68,0,""
4,2707048,"s_min_u32 s28, s2, 15",514,2056,0,0,""
4,2707052,"s_add_i32 s28, s28, 1",514,2060,4,0,""
4,2707056,"s_mov_b32 s2, 0",514,2060,4,0,""
4,2707060,"s_cmp_lt_u32 s33, 4",514,2076,12,0,""
4,2707064,"s_cbranch_scc1 79",514,2064,4,2048,""
4,2707068,"s_add_u32 s24, s0, 0xc4",0,0,0,0,""
4,2707076,"s_addc_u32 s25, s1, 0",0,0,0,0,""
4,2707080,"s_and_b32 s2, s28, 28",0,0,0,0,""
4,2707084,"s_mov_b32 s3, 0",0,0,0,0,""
4,2707088,"v_mov_b32_e32 v28, 0",0,0,0,0,""
4,2707092,"s_mov_b64 s[26:27], s[0:1]",0,0,0,0,""
4,2707096,"v_mov_b32_e32 v29, 0",0,0,0,0,""
4,2707100,"s_load_dwordx8 s[12:19], s[26:27], 0x4",0,0,0,0,""
4,2707108,"s_waitcnt lgkmcnt(0)",0,0,0,0,""
4,2707112,"s_load_dwordx4 s[20:23], s[26:27], 0x24",0,0,0,0,""
4,2707120,"s_load_dwordx8 s[4:11], s[24:25], 0x0",0,0,0,0,""
4,2707128,"s_add_u32 s26, s26, 48",0,0,0,0,""
4,2707132,"s_addc_u32 s27, s27, 0",0,0,0,0,""
4,2707136,"v_mul_hi_u32 v30, s13, v32",0,0,0,0,""
4,2707144,"v_add_u32_e32 v30, v32, v30",0,0,0,0,""
4,2707148,"v_lshrrev_b32_e32 v30, s14, v30",0,0,0,0,""
4,2707152,"v_mul_lo_u32 v31, v30, s12",0,0,0,0,""
4,2707160,"v_mul_hi_u32 v33, s16, v30",0,0,0,0,""
4,2707168,"v_sub_u32_e32 v31, v32, v31",0,0,0,0,""
4,2707172,"v_add_u32_e32 v32, v30, v33",0,0,0,0,""
4,2707176,"v_lshrrev_b32_e32 v32, s17, v32",0,0,0,0,""
4,2707180,"v_mul_lo_u32 v34, v32, s15",0,0,0,0,""
4,2707188,"v_mul_hi_u32 v35, s19, v32",0,0,0,0,""
4,2707196,"v_sub_u32_e32 v30, v30, v34",0,0,0,0,""
4,2707200,"v_add_u32_e32 v34, v32, v35",0,0,0,0,""
4,2707204,"s_waitcnt lgkmcnt(0)",0,0,0,0,""
4,2707208,"v_mul_lo_u32 v33, v31, s5",0,0,0,0,""
4,2707216,"v_mul_lo_u32 v31, v31, s4",0,0,0,0,""
4,2707224,"v_mul_lo_u32 v35, v30, s7",0,0,0,0,""
4,2707232,"v_mul_lo_u32 v30, v30, s6",0,0,0,0,""
4,2707240,"v_lshrrev_b32_e32 v34, s20, v34",0,0,0,0,""
4,2707244,"v_add3_u32 v28, v31, v28, v30",0,0,0,0,""
4,2707252,"v_mul_hi_u32 v31, s22, v34",0,0,0,0,""
4,2707260,"v_mul_lo_u32 v30, v34, s18",0,0,0,0,""
4,2707268,"v_add_u32_e32 v31, v34, v31",0,0,0,0,""
4,2707272,"v_sub_u32_e32 v30, v32, v30",0,0,0,0,""
4,2707276,"v_lshrrev_b32_e32 v32, s23, v31",0,0,0,0,""
4,2707280,"s_add_i32 s3, s3, 4",0,0,0,0,""
4,2707284,"v_mul_lo_u32 v31, v32, s21",0,0,0,0,""
4,2707292,"s_add_u32 s24, s24, 32",0,0,0,0,""
4,2707296,"v_sub_u32_e32 v31, v34, v31",0,0,0,0,""
4,2707300,"s_addc_u32 s25, s25, 0",0,0,0,0,""
4,2707304,"v_add3_u32 v29, v33, v29, v35",0,0,0,0,""
4,2707312,"v_mul_lo_u32 v33, v30, s8",0,0,0,0,""
4,2707320,"v_mul_lo_u32 v30, v30, s9",0,0,0,0,""
4,2707328,"v_mul_lo_u32 v34, v31, s10",0,0,0,0,""
4,2707336,"v_mul_lo_u32 v31, v31, s11",0,0,0,0,""
4,2707344,"s_cmp_lg_u32 s2, s3",0,0,0,0,""
4,2707348,"v_add3_u32 v29, v30, v29, v31",0,0,0,0,""
4,2707356,"v_add3_u32 v28, v33, v28, v34",0,0,0,0,""
4,2707364,"s_cbranch_scc1 65469",0,0,0,0,""
4,2707368,"s_and_b32 s6, s28, 3",0,0,0,0,""
4,2707372,"s_cmp_eq_u32 s6, 0",0,0,0,0,""
4,2707376,"s_cbranch_scc0 6",0,0,0,0,""
4,2707380,"s_branch 42",0,0,0,0,""
4,2707384,"s_mov_b32 s3, s2",514,2088,28,8224,""
4,2707388,"v_mov_b64_e32 v[28:29], s[2:3]",514,2368,304,0,""
4,2707392,"s_and_b32 s6, s28, 3",514,2136,80,3956,""
4,2707396,"s_cmp_eq_u32 s6, 0",514,2060,4,0,""
4,2707400,"s_cbranch_scc1 37",514,2060,4,2056,""
4,2707404,"s_lshl_b32 s3, s2, 3",514,2088,32,0,""
4,2707408,"s_add_u32 s3, s3, s0",514,2056,0,0,""
4,2707412,"s_addc_u32 s5, 0, s1",514,2056,0,0,""
4,2707416,"s_add_u32 s4, s3, 0xc4",514,2068,12,0,""
4,2707424,"s_addc_u32 s5, s5, 0",514,2056,0,8,""
4,2707428,"s_mul_i32 s2, s2, 12",514,2056,0,0,""
4,2707432,"s_add_u32 s2, s0, s2",514,2056,0,0,""
4,2707436,"s_addc_u32 s3, 0, s1",514,2060,4,0,""
4,2707440,"s_load_dwordx2 s[8:9], s[2:3], 0x4",1028,4180,68,8228,""
4,2707448,"s_load_dword s7, s[2:3], 0xc",1028,4116,0,0,""
4,2707456,"s_load_dwordx2 s[10:11], s[4:5], 0x0",1028,4180,68,5104,""
4,2707464,"v_mov_b32_e32 v30, v29",1028,5424,1312,0,""
4,2707468,"s_add_u32 s2, s2, 12",1028,4332,216,0,""
4,2707472,"s_waitcnt lgkmcnt(0)",1028,27840,27840,0,""
4,2707476,"v_mul_hi_u32 v29, s9, v32",1028,5104,992,0,""
4,2707484,"v_add_u32_e32 v29, v32, v29",1028,5232,1120,0,""
4,2707488,"v_lshrrev_b32_e32 v29, s7, v29",1028,5348,1236,0,""
4,2707492,"s_addc_u32 s3, s3, 0",1028,4180,68,0,""
4,2707496,"v_mul_lo_u32 v31, v29, s8",1028,4960,848,0,""
4,2707504,"s_add_u32 s4, s4, 8",1028,4184,72,0,""
4,2707508,"v_sub_u32_e32 v33, v32, v31",1028,5000,888,0,""
4,2707512,"s_addc_u32 s5, s5, 0",1028,4200,88,0,""
4,2707516,"s_add_i32 s6, s6, -1",1028,4116,0,0,""
4,2707520,"v_mov_b32_e32 v32, v29",1028,5168,1056,0,""
4,2707524,"v_mad_u64_u32 v[30:31], s[8:9], v33, s11, v[30:31]",1028,4996,884,0,""
4,2707532,"v_mad_u64_u32 v[28:29], s[8:9], v33, s10, v[28:29]",1028,4816,688,0,""
4,2707540,"s_cmp_lg_u32 s6, 0",1028,4160,44,16432,""
4,2707544,"v_mov_b32_e32 v29, v30",1028,5096,984,0,""
4,2707548,"s_cbranch_scc1 65508",1028,4132,12,0,""
4,2707552,"v_mov_b32_e32 v31, 0",514,2236,180,8220,""
4,2707556,"v_mov_b32_e32 v30, v28",514,2176,120,0,""
4,2707560,"v_mov_b32_e32 v28, v29",514,2212,156,0,""
4,2707564,"v_mov_b32_e32 v29, v31",514,2204,148,0,""
4,2707568,"s_load_dwordx4 s[4:7], s[0:1], 0x148",514,2104,48,0,""
4,2707576,"s_waitcnt lgkmcnt(0)",514,22008,22008,0,""
4,2707580,"v_lshl_add_u64 v[2:3], s[6:7], 0, v[2:3]",514,2452,392,0,""
4,2707588,"v_lshl_add_u64 v[6:7], s[6:7], 0, v[6:7]",514,2236,176,0,""
4,2707596,"v_lshl_add_u64 v[10:11], s[6:7], 0, v[10:11]",514,2384,324,0,""
4,2707604,"v_lshl_add_u64 v[14:15], s[6:7], 0, v[14:15]",514,2400,340,0,""
4,2707612,"v_lshl_add_u64 v[18:19], s[6:7], 0, v[18:19]",514,2492,436,1828,""
4,2707620,"v_lshl_add_u64 v[22:23], s[6:7], 0, v[22:23]",514,2352,296,0,""
4,2707628,"v_lshl_add_u64 v[26:27], s[6:7], 0, v[26:27]",514,2320,264,0,""
4,2707636,"v_lshl_add_u64 v[28:29], s[6:7], 0, v[28:29]",514,2388,332,0,""
4,2707644,"global_load_ushort v32, v[2:3], off",514,11816280,11813812,4112,""
4,2707652,"global_load_ushort v33, v[6:7], off",514,63480,61028,0,""
4,2707660,"global_load_ushort v34, v[10:11], off",514,71628,69192,0,""
4,2707668,"global_load_ushort v35, v[14:15], off",514,74612,72112,0,""
4,2707676,"global_load_ushort v36, v[18:19], off",514,201560,199056,48,""
4,2707684,"global_load_ushort v37, v[22:23], off",514,47872,45404,0,""
4,2707692,"global_load_ushort v38, v[26:27], off",514,69208,66720,0,""
4,2707700,"global_load_ushort v39, v[28:29], off",514,149668,147572,0,""
4,2707708,"v_lshl_add_u64 v[0:1], s[4:5], 0, v[0:1]",514,2888,808,20,""
4,2707716,"v_lshl_add_u64 v[2:3], s[4:5], 0, v[4:5]",514,2680,600,0,""
4,2707724,"v_lshl_add_u64 v[4:5], s[4:5], 0, v[8:9]",514,2480,416,0,""
4,2707732,"v_lshl_add_u64 v[6:7], s[4:5], 0, v[12:13]",514,2368,288,0,""
4,2707740,"v_lshl_add_u64 v[8:9], s[4:5], 0, v[16:17]",514,2496,436,1756,""
4,2707748,"v_lshl_add_u64 v[10:11], s[4:5], 0, v[20:21]",514,2532,468,0,""
4,2707756,"v_lshl_add_u64 v[12:13], s[4:5], 0, v[24:25]",514,2584,524,0,""
4,2707764,"v_lshl_add_u64 v[14:15], s[4:5], 0, v[30:31]",514,2540,468,0,""
4,2707772,"s_waitcnt vmcnt(7)",514,483468,483468,0,""
4,2707776,"global_store_short v[0:1], v32, off",514,574252,572036,548,""
4,2707784,"s_waitcnt vmcnt(7)",514,9936,9936,0,""
4,2707788,"global_store_short v[2:3], v33, off",514,461156,459064,0,""
4,2707796,"s_waitcnt vmcnt(7)",514,4396,4396,0,""
4,2707800,"global_store_short v[4:5], v34, off",514,248788,246728,0,""
4,2707808,"s_waitcnt vmcnt(7)",514,3956,3956,0,""
4,2707812,"global_store_short v[6:7], v35, off",514,237372,235312,0,""
4,2707820,"s_waitcnt vmcnt(7)",514,3584,3584,0,""
4,2707824,"global_store_short v[8:9], v36, off",514,189100,187036,0,""
4,2707832,"s_waitcnt vmcnt(7)",514,2340,2340,0,""
4,2707836,"global_store_short v[10:11], v37, off",514,105012,102952,0,""
4,2707844,"s_waitcnt vmcnt(7)",514,2348,2348,0,""
4,2707848,"global_store_short v[12:13], v38, off",514,64440,62376,0,""
4,2707856,"s_waitcnt vmcnt(7)",514,2656,2656,0,""
4,2707860,"global_store_short v[14:15], v39, off",514,78788,76220,0,""
4,2707868,"s_endpgm",514,559648,0,0,""
